id,0,1,2,3,4,5,6,7,8,9,10,11,12,13,14,15,16,17,18,19,20,21,22,23,24,25,26,27,28,29,30,31,32,33,34,35,36,37,38,39,40,41,42,43,44,45,46,47,48,49,50,51,52,53,54,55,56,57,58,59,60,61,62,63,64,65,66,67,68,69,70,71,72,73,74,75,76,77,78,79,80,81,82,83,84,85,86,87,88,89,90,91,92,93,94,95,96,97,98,99,100,101,102,103,104
0,0.0,4.44,3.113,4.175,9.413,5.398,2.141,2.673,16.57,15.592,13.107,4.185,3.687,1.187,8.155,0.119,4.099,10.703,3.957,12.156,12.503,3.977,13.919,4.663,5.3,11.185,4.099,13.649,4.707,4.355,3.25,14.831,4.521,13.772,4.681,4.171,4.593,14.381,25.701,3.174,2.807,3.642,11.308,2.716,16.944,5.023,13.959,11.901,15.609,6.109,0.342,11.287,0.162,4.058,2.555,14.066,4.829,10.893,9.917,15.349,0.164,4.943,13.908,4.349,0.343,1.741,1.09,5.291,0.373,12.986,0.211,13.873,6.075,3.788,4.303,3.067,4.495,3.942,8.323,3.942,2.908,11.123,0.337,9.982,2.613,10.556,3.951,12.65,9.588,3.46,5.332,3.534,2.26,0.431,14.209,4.673,23.159,11.315,9.967,4.812,5.861,2.173,0.223,3.12,4.207
1,4.44,0.0,4.082,1.53,13.383,7.031,3.953,6.979,20.151,14.138,14.453,1.118,7.219,4.837,11.565,4.416,4.578,13.594,6.642,16.058,14.537,6.872,15.48,7.472,5.059,12.842,5.847,15.744,7.481,8.649,6.075,16.349,2.737,16.439,2.649,7.782,8.895,16.302,24.208,6.221,2.622,7.115,13.908,1.878,20.611,4.501,15.983,16.178,19.229,8.452,4.735,15.223,4.383,2.375,6.895,17.842,8.352,14.684,14.077,17.055,4.562,6.362,12.373,0.647,4.299,2.705,3.646,1.382,4.653,16.894,4.643,18.148,7.71,0.763,0.143,1.409,0.549,7.835,6.73,7.452,4.21,14.106,4.44,13.887,3.306,13.56,6.936,16.581,12.631,5.986,8.131,5.471,3.478,4.077,16.903,2.116,21.737,14.88,13.468,8.039,8.211,3.245,4.449,5.891,4.854
2,3.113,4.082,0.0,2.815,12.201,3.033,0.972,5.448,19.492,17.584,16.084,3.128,3.562,2.331,11.205,3.206,0.995,13.808,7.025,14.947,15.586,2.925,16.943,3.453,7.511,14.206,1.772,16.742,3.453,6.996,2.218,17.852,5.84,16.882,5.894,7.246,7.203,17.458,27.733,2.452,1.5,3.436,14.421,3.557,19.824,7.075,17.046,14.294,18.52,4.374,3.109,14.066,2.951,5.309,5.29,16.912,7.906,13.767,12.519,18.402,3.268,2.392,15.838,3.573,3.327,2.891,3.484,4.044,2.946,15.762,3.16,16.239,3.741,3.346,3.954,3.431,3.749,6.941,10.096,3.746,5.428,14.219,2.813,12.803,4.707,13.652,3.018,15.415,12.685,2.015,8.438,6.397,4.511,3.169,17.318,2.819,25.218,14.284,12.972,7.922,4.131,1.263,3.314,2.049,1.152
3,4.175,1.53,2.815,0.0,13.526,5.617,2.979,6.847,20.535,15.651,15.552,0.412,6.24,4.185,11.983,4.193,3.136,14.237,7.2,16.252,15.46,5.725,16.535,6.267,6.274,13.849,4.518,16.66,6.268,8.53,4.974,17.421,4.075,17.182,4.032,8.051,8.768,17.27,25.733,5.168,1.591,6.124,14.653,2.382,20.951,5.737,16.921,16.074,19.591,7.108,4.397,15.393,4.069,3.624,6.73,18.115,8.672,14.938,14.084,18.085,4.327,4.945,13.886,0.893,4.152,2.678,3.72,1.264,4.273,17.086,4.346,18.046,6.275,1.083,1.45,1.907,1.042,7.975,8.213,6.452,4.932,14.719,4.06,14.072,4.005,14.161,5.809,16.758,13.208,4.817,8.713,6.169,4.043,3.919,17.639,0.708,23.258,15.253,13.862,8.469,6.876,2.355,4.26,4.795,3.414
4,9.413,13.383,12.201,13.526,0.0,13.068,11.307,6.787,7.388,17.484,9.969,13.462,9.933,9.876,2.859,9.373,13.057,4.654,7.085,2.749,7.927,11.001,9.958,11.328,10.477,8.242,12.27,8.454,11.395,5.21,10.907,10.665,11.89,7.025,12.111,5.62,5.014,9.378,26.152,10.623,12.219,10.037,5.78,11.511,7.653,10.783,8.836,3.574,6.407,12.612,9.265,1.874,9.545,11.762,6.933,4.723,5.113,1.711,1.37,10.581,9.252,12.998,16.375,13.508,9.385,10.872,9.834,14.514,9.416,3.574,9.276,5.272,13.462,12.912,13.272,12.005,13.617,5.565,13.003,9.996,9.444,4.529,9.607,0.65,10.203,4.237,10.867,3.237,3.894,11.291,5.949,8.36,9.953,9.616,7.269,14.073,23.728,2.704,2.277,5.588,12.479,11.549,9.294,10.936,13.051
5,5.398,7.031,3.033,5.617,13.068,0.0,3.644,6.875,20.455,20.57,18.455,5.989,3.143,4.244,12.703,5.515,2.484,15.518,9.276,15.727,17.689,2.067,19.219,1.861,10.392,16.498,1.347,18.791,1.803,8.024,2.336,20.13,8.857,18.623,8.919,9.003,8.167,19.573,30.721,2.564,4.525,3.034,16.276,6.567,20.687,9.995,19.122,14.472,19.473,1.633,5.225,14.852,5.248,8.325,6.7,17.753,9.635,14.745,13.07,20.595,5.509,0.673,18.832,6.465,5.709,5.798,6.141,6.712,5.086,16.493,5.339,16.315,0.715,6.327,6.913,6.463,6.634,8.521,13.097,3.113,8.152,15.854,5.062,13.709,7.554,15.296,2.202,16.133,14.351,2.01,10.515,8.929,7.302,5.636,19.031,5.373,28.199,15.463,14.281,9.832,1.463,4.22,5.621,2.393,2.206
6,2.141,3.953,0.972,2.979,11.307,3.644,0.0,4.531,18.569,16.935,15.152,3.192,3.289,1.442,10.247,2.235,1.96,12.838,6.064,14.056,14.623,2.945,15.998,3.581,6.752,13.261,2.299,15.777,3.6,6.118,2.133,16.908,5.278,15.911,5.363,6.281,6.334,16.498,27.085,2.269,1.399,3.179,13.449,2.998,18.913,6.351,16.083,13.508,17.6,4.757,2.144,13.178,1.98,4.748,4.378,16.008,6.941,12.853,11.674,17.449,2.296,3.072,15.202,3.562,2.361,2.157,2.582,4.243,1.981,14.876,2.19,15.465,4.358,3.189,3.814,3.003,3.739,5.989,9.478,3.513,4.569,13.251,1.842,11.902,3.917,12.683,2.998,14.531,11.716,2.099,7.468,5.478,3.682,2.212,16.347,3.204,24.56,13.347,12.025,6.95,4.504,0.712,2.343,1.95,2.085
7,2.673,6.979,5.448,6.847,6.787,6.875,4.531,0.0,14.044,16.002,11.923,6.84,4.079,3.118,5.869,2.654,6.351,8.644,3.152,9.536,10.913,4.934,12.567,5.484,6.145,9.909,5.814,11.976,5.547,1.687,4.545,13.47,6.339,11.75,6.542,2.19,1.928,12.789,25.902,4.311,5.456,4.125,9.41,5.135,14.382,6.107,12.319,9.24,13.073,6.987,2.49,8.66,2.79,6.003,0.175,11.479,2.785,8.323,7.245,13.857,2.52,6.627,14.436,6.968,2.715,4.3,3.338,7.936,2.636,10.36,2.515,11.213,7.429,6.388,6.85,5.571,7.103,1.648,9.304,4.264,3.978,8.991,2.833,7.375,4.31,8.431,4.834,10.019,7.48,4.899,3.911,3.677,3.955,2.947,12.161,7.343,23.355,8.845,7.559,3.094,6.779,4.767,2.591,4.515,6.38
8,16.57,20.151,19.492,20.535,7.388,20.455,18.569,14.044,0.0,19.921,10.85,20.413,17.317,17.161,8.586,16.514,20.38,7.105,13.521,4.781,8.678,18.388,10.047,18.703,16.276,10.324,19.65,8.129,18.769,12.553,18.29,10.182,18.192,5.847,18.404,12.486,12.372,8.672,26.414,18.007,19.36,17.423,7.457,18.338,0.751,16.721,8.334,7.174,0.981,19.95,16.467,5.631,16.714,18.199,14.202,2.761,11.863,5.739,7.549,9.485,16.406,20.385,19.398,20.382,16.489,17.857,16.817,21.397,16.624,4.114,16.456,6.517,20.839,19.791,20.057,18.848,20.467,12.629,17.971,17.375,15.978,6.526,16.8,6.751,16.851,6.956,18.253,4.468,7.737,18.673,12.072,14.749,16.675,16.711,5.562,21.137,24.324,5.283,6.685,12.115,19.828,18.739,16.424,18.315,20.39
9,15.592,14.138,17.584,15.651,17.484,20.57,16.935,16.002,19.921,0.0,9.096,15.242,19.25,16.743,14.649,15.477,18.385,13.661,12.896,18.725,11.251,19.541,10.04,20.23,10.294,9.803,19.231,11.854,20.27,16.629,18.765,10.219,11.764,14.081,11.737,14.431,16.78,11.509,10.151,18.737,16.163,19.218,12.838,14.028,20.657,10.617,11.717,21.018,19.463,21.611,15.884,18.376,15.7,12.288,16.098,19.266,14.29,17.408,18.836,11.134,15.549,19.962,1.765,14.784,15.25,14.778,14.61,15.192,15.964,19.287,15.739,22.441,21.285,14.635,14.204,14.21,14.673,15.086,7.495,19.501,12.69,14.144,15.887,17.468,13.09,14.015,19.528,19.198,13.834,18.893,12.775,12.413,13.392,15.229,14.405,16.25,7.635,16.589,15.668,13.639,21.358,16.354,15.396,18.61,18.634
10,13.107,14.453,16.084,15.552,9.969,18.455,15.152,11.923,10.85,9.096,0.0,15.243,15.978,14.22,7.605,12.995,17.074,5.395,9.179,10.365,2.3,16.724,1.179,17.335,9.411,2.029,17.194,2.761,17.395,11.596,16.168,1.924,11.768,5.002,11.906,9.754,11.623,2.564,16.346,15.999,15.141,16.011,4.322,13.212,11.592,9.973,2.656,13.143,10.45,18.852,13.242,10.251,13.265,12.079,12.084,10.48,9.243,9.298,11.309,2.764,12.979,18.041,8.758,14.965,12.827,13.368,12.604,15.83,13.389,10.764,13.138,14.192,19.097,14.505,14.429,13.652,14.956,10.384,9.291,16.176,10.767,5.709,13.441,9.714,11.636,5.811,16.646,10.757,6.093,16.456,8.026,9.691,11.713,12.949,5.311,16.26,14.018,8.242,7.761,8.833,18.63,14.889,12.886,16.081,17.23
11,4.185,1.118,3.128,0.412,13.462,5.989,3.192,6.84,20.413,15.242,15.243,0.0,6.476,4.309,11.844,4.192,3.514,14.043,7.014,16.177,15.196,6.011,16.238,6.573,5.928,13.562,4.86,16.398,6.576,8.527,5.243,17.12,3.697,16.964,3.645,7.942,8.768,16.995,25.322,5.423,1.793,6.363,14.433,2.145,20.841,5.385,16.653,16.079,19.474,7.459,4.43,15.324,4.091,3.26,6.732,18.021,8.552,14.846,14.057,17.794,4.33,5.317,13.477,0.487,4.128,2.59,3.629,1.113,4.317,17.012,4.367,18.052,6.654,0.738,1.039,1.646,0.647,7.9,7.81,6.694,4.692,14.533,4.102,13.997,3.762,13.977,6.09,16.688,13.03,5.107,8.526,5.943,3.832,3.895,17.423,1.058,22.847,15.13,13.732,8.32,7.223,2.527,4.249,5.062,3.792
12,3.687,7.219,3.562,6.24,9.933,3.143,3.289,4.079,17.317,19.25,15.978,6.476,0.0,2.631,9.725,3.797,3.931,12.6,6.943,12.584,14.987,1.087,16.642,1.444,8.971,13.972,2.61,16.038,1.51,4.973,1.38,17.547,8.092,15.694,8.226,6.269,5.093,16.861,29.332,1.114,4.684,0.134,13.427,5.976,17.545,8.71,16.385,11.392,16.336,2.915,3.377,11.71,3.6,7.592,3.911,14.612,6.853,11.617,9.932,17.935,3.712,3.169,17.579,6.85,4.026,4.966,4.741,7.503,3.314,13.351,3.524,13.268,3.541,6.458,7.078,6.125,7.027,5.7,12.009,0.256,6.564,12.897,3.425,10.577,6.287,12.35,0.946,12.991,11.424,1.701,7.952,6.96,5.943,4.084,16.086,6.36,26.786,12.365,11.221,7.166,2.717,3.982,3.869,1.527,3.785
13,1.187,4.837,2.331,4.185,9.876,4.244,1.442,3.118,17.161,16.743,14.22,4.309,2.631,0.0,8.912,1.306,3.244,11.578,5.044,12.624,13.533,2.803,15.006,3.491,6.45,12.277,2.978,14.662,3.534,4.68,2.064,15.917,5.461,14.67,5.597,4.993,4.894,15.416,26.863,1.998,2.62,2.566,12.245,3.39,17.494,6.145,14.981,12.077,16.189,4.925,0.982,11.745,1.056,4.963,2.959,14.584,5.651,11.436,10.232,16.41,1.277,3.826,15.048,4.59,1.521,2.364,2.144,5.413,0.846,13.442,1.1,14.037,4.909,4.103,4.694,3.604,4.757,4.639,9.421,2.886,4.078,11.968,0.865,10.476,3.69,11.402,2.784,13.096,10.437,2.28,6.343,4.712,3.362,1.515,15.098,4.53,24.323,11.958,10.656,5.736,4.676,1.855,1.404,1.934,3.295
14,8.155,11.565,11.205,11.983,2.859,12.703,10.247,5.869,8.586,14.649,7.605,11.844,9.725,8.912,0.0,8.084,12.152,2.931,4.945,4.852,5.864,10.696,7.829,11.168,7.991,5.707,11.681,6.685,11.235,4.773,10.393,8.643,9.693,5.982,9.91,3.988,4.692,7.59,23.506,10.144,10.888,9.8,3.91,9.755,9.055,8.367,7.063,6.432,7.667,12.608,8.104,4.18,8.309,9.659,6.042,6.374,3.337,3.372,4.191,8.768,7.992,12.489,13.518,11.801,8.03,9.313,8.281,12.815,8.267,5.644,8.07,8.061,13.217,11.212,11.471,10.266,11.883,4.274,10.286,9.856,7.404,3.176,8.42,2.98,8.268,2.639,10.581,5.397,1.774,10.756,3.545,6.194,8.089,8.241,6.364,12.604,21.05,3.324,1.906,3.53,12.429,10.321,7.986,10.373,12.207
15,0.119,4.416,3.206,4.193,9.373,5.515,2.235,2.654,16.514,15.477,12.995,4.192,3.797,1.306,8.084,0.0,4.195,10.618,3.851,12.114,12.4,4.096,13.811,4.781,5.185,11.076,4.214,13.549,4.826,4.339,3.369,14.722,4.434,13.683,4.596,4.098,4.578,14.278,25.585,3.293,2.853,3.754,11.216,2.669,16.891,4.913,13.857,11.889,15.554,6.228,0.433,11.246,0.27,3.976,2.541,14.018,4.754,10.843,9.892,15.243,0.146,5.057,13.794,4.343,0.229,1.712,1.001,5.294,0.487,12.944,0.288,13.862,6.193,3.776,4.281,3.034,4.486,3.885,8.214,4.052,2.791,11.041,0.453,9.939,2.51,10.474,4.068,12.61,9.506,3.579,5.234,3.416,2.155,0.36,14.121,4.705,23.042,11.255,9.902,4.725,5.98,2.237,0.11,3.239,4.307
16,4.099,4.578,0.995,3.136,13.057,2.484,1.96,6.351,20.38,18.385,17.074,3.514,3.931,3.244,12.152,4.195,0.0,14.782,8.02,15.796,16.581,3.07,17.936,3.437,8.412,15.2,1.54,17.736,3.418,7.847,2.557,18.845,6.621,17.861,6.654,8.209,8.045,18.453,28.525,2.843,2.223,3.798,15.405,4.379,20.697,7.956,18.041,15.021,19.406,4.02,4.078,14.914,3.937,6.097,6.187,17.777,8.869,14.647,13.317,19.397,4.252,1.811,16.631,3.994,4.32,3.819,4.47,4.238,3.915,16.605,4.137,16.95,3.14,3.902,4.466,4.176,4.16,7.88,10.89,4.066,6.391,15.186,3.792,13.668,5.639,14.619,3.194,16.254,13.653,2.237,9.429,7.384,5.464,4.164,18.295,2.907,26.019,15.196,13.899,8.902,3.801,2.208,4.303,2.431,0.278
17,10.703,13.594,13.808,14.237,4.654,15.518,12.838,8.644,7.105,13.661,5.395,14.043,12.6,11.578,2.931,10.618,14.782,0.0,7.038,5.098,3.275,13.543,5.305,14.041,9.295,3.914,14.44,3.869,14.106,7.681,13.19,6.018,11.367,3.106,11.568,6.585,7.613,4.793,21.715,12.954,13.315,12.669,1.126,11.902,7.734,9.777,4.254,7.752,6.36,15.498,10.704,4.882,10.863,11.452,8.82,5.709,5.929,3.917,5.956,5.995,10.545,15.264,12.831,13.925,10.528,11.632,10.644,14.922,10.867,5.627,10.649,8.894,16.057,13.359,13.52,12.41,13.982,7.004,10.868,12.742,9.391,0.578,10.996,4.338,10.312,0.42,13.433,5.549,1.176,13.542,5.525,8.128,10.212,10.721,3.522,14.899,19.348,2.946,2.392,5.894,15.313,12.822,10.514,13.156,14.861
18,3.957,6.642,7.025,7.2,7.085,9.276,6.064,3.152,13.521,12.896,9.179,7.014,6.943,5.044,4.945,3.851,8.02,7.038,0.0,9.615,8.561,7.592,9.966,8.229,3.585,7.235,8.021,9.721,8.286,3.832,7.0,10.878,4.816,10.013,5.037,1.762,4.021,10.434,22.753,6.844,6.332,6.956,7.5,4.881,14.0,3.781,10.022,10.321,12.611,9.743,4.069,8.828,4.118,4.732,3.27,11.29,2.025,8.181,8.039,11.392,3.82,8.869,11.369,6.921,3.704,4.609,3.656,7.929,4.219,10.441,3.971,12.218,9.922,6.343,6.554,5.392,6.989,2.303,6.569,7.164,2.459,7.521,4.286,7.498,3.336,6.964,7.525,10.153,6.017,7.28,1.514,1.279,3.192,3.856,10.465,7.862,20.207,8.269,6.851,1.498,9.512,5.916,3.741,6.907,8.148
19,12.156,16.058,14.947,16.252,2.749,15.727,14.056,9.536,4.781,18.725,10.365,16.177,12.584,12.624,4.852,12.114,15.796,5.098,9.615,0.0,8.099,13.662,10.036,13.953,12.832,9.011,14.976,8.236,14.019,7.953,13.609,10.567,14.427,6.253,14.648,8.277,7.752,9.096,26.706,13.32,14.963,12.693,6.066,14.194,4.961,13.191,8.586,3.137,3.812,15.178,12.013,0.882,12.289,14.34,9.683,2.033,7.723,1.482,2.775,10.241,11.995,15.687,17.814,16.208,12.121,13.589,12.548,17.218,12.164,0.836,12.021,3.828,16.089,15.612,15.951,14.694,16.312,8.279,15.098,12.631,12.034,4.681,12.353,2.18,12.833,4.721,13.526,0.545,4.953,13.994,8.333,10.892,12.602,12.351,6.326,16.808,24.38,2.152,3.188,8.123,15.06,14.296,12.033,13.645,15.785
20,12.503,14.537,15.586,15.46,7.927,17.689,14.623,10.913,8.678,11.251,2.3,15.196,14.987,13.533,5.864,12.4,16.581,3.275,8.561,8.099,0.0,15.831,2.031,16.397,9.67,1.934,16.498,1.208,16.46,10.298,15.36,2.785,11.986,2.883,12.155,8.727,10.282,1.884,18.609,15.159,14.823,15.037,2.152,13.079,9.41,10.221,1.466,10.95,8.217,17.899,12.582,8.035,12.665,12.21,11.084,8.183,8.135,7.098,9.229,2.963,12.359,17.343,10.742,14.981,12.263,13.057,12.18,15.916,12.739,8.475,12.497,11.926,18.29,14.468,14.491,13.558,15.0,9.289,10.273,15.162,10.539,3.499,12.826,7.606,11.458,3.694,15.738,8.477,4.175,15.68,7.19,9.342,11.462,12.417,3.267,16.159,16.302,6.001,5.666,7.862,17.692,14.463,12.291,15.296,16.705
21,3.977,6.872,2.925,5.725,11.001,2.067,2.945,4.934,18.388,19.541,16.724,6.011,1.087,2.803,10.696,4.096,3.07,13.543,7.592,13.662,15.831,0.0,17.433,0.689,9.25,14.737,1.615,16.907,0.731,5.979,0.821,18.341,8.104,16.645,8.213,7.106,6.115,17.712,29.665,0.805,4.258,0.971,14.338,5.877,18.622,8.932,17.246,12.473,17.407,2.159,3.719,12.787,3.856,7.584,4.76,15.688,7.717,12.679,11.017,18.763,4.045,2.09,17.84,6.429,4.317,4.926,4.931,6.966,3.615,14.432,3.857,14.343,2.521,6.111,6.736,5.936,6.607,6.579,12.183,1.107,6.88,13.86,3.666,11.642,6.464,13.307,0.144,14.072,12.371,0.91,8.715,7.446,6.15,4.317,17.045,5.736,27.125,13.406,12.238,7.974,1.921,3.655,4.187,1.001,2.882
22,13.919,15.48,16.943,16.535,9.958,19.219,15.998,12.567,10.047,10.04,1.179,16.238,16.642,15.006,7.829,13.811,17.936,5.305,9.966,10.036,2.031,17.433,0.0,18.025,10.461,2.737,17.983,1.94,18.087,12.099,16.911,0.912,12.819,4.249,12.964,10.379,12.104,1.474,16.731,16.728,16.057,16.683,4.181,14.178,10.796,11.024,1.714,12.946,9.727,19.539,14.035,10.022,14.08,13.111,12.733,9.934,9.827,9.099,11.258,1.611,13.786,18.831,9.816,15.975,13.653,14.281,13.478,16.86,14.186,10.354,13.937,13.85,19.846,15.5,15.45,14.63,15.974,10.982,10.457,16.83,11.695,5.51,14.251,9.632,12.583,5.724,17.348,10.385,6.183,17.212,8.719,10.575,12.638,13.787,4.487,17.242,14.483,7.975,7.695,9.476,19.323,15.769,13.701,16.833,18.082
23,4.663,7.472,3.453,6.267,11.328,1.861,3.581,5.484,18.703,20.23,17.335,6.573,1.444,3.491,11.168,4.781,3.437,14.041,8.229,13.953,16.397,0.689,18.025,0.0,9.939,15.34,1.902,17.458,0.067,6.415,1.492,18.932,8.78,17.136,8.885,7.67,6.532,18.274,30.354,1.494,4.851,1.372,14.861,6.541,18.913,9.621,17.802,12.621,17.722,1.517,4.4,13.083,4.543,8.257,5.313,15.984,8.267,13.021,11.268,19.337,4.727,2.106,18.529,7.005,5.003,5.602,5.621,7.49,4.299,14.707,4.539,14.456,2.137,6.715,7.338,6.582,7.183,7.119,12.87,1.336,7.567,14.34,4.353,11.975,7.153,13.793,0.717,14.346,12.866,1.489,9.315,8.117,6.839,5.006,17.529,6.224,27.814,13.79,12.658,8.554,1.298,4.285,4.871,1.664,3.213
24,5.3,5.059,7.511,6.274,10.477,10.392,6.752,6.145,16.276,10.294,9.411,5.928,8.971,6.45,7.991,5.185,8.412,9.295,3.585,12.832,9.67,9.25,10.461,9.939,0.0,7.884,9.045,10.875,9.98,7.27,8.482,11.317,2.358,11.85,2.505,5.34,7.484,11.362,20.416,8.445,6.235,8.934,9.369,4.096,16.835,0.563,11.083,13.839,15.433,11.339,5.597,12.109,5.406,2.688,6.193,14.32,5.582,11.357,11.533,12.052,5.261,9.822,8.609,5.602,4.957,4.623,4.324,6.428,5.672,13.633,5.45,15.699,11.103,5.196,5.046,4.446,5.577,5.818,3.164,9.223,2.41,9.856,5.593,10.815,2.839,9.363,9.234,13.377,8.539,8.628,4.531,2.521,3.113,4.935,12.318,6.976,17.878,11.213,9.819,4.981,11.086,6.249,5.106,8.331,8.631
25,11.185,12.842,14.206,13.849,8.242,16.498,13.261,9.909,10.324,9.803,2.029,13.562,13.972,12.277,5.707,11.076,15.2,3.914,7.235,9.011,1.934,14.737,2.737,15.34,7.884,0.0,15.255,3.075,15.4,9.568,14.198,3.647,10.228,4.698,10.385,7.733,9.597,3.479,17.914,14.021,13.331,14.008,3.035,11.481,11.034,8.442,3.229,11.58,9.764,16.856,11.304,8.767,11.345,10.487,10.071,9.464,7.215,7.795,9.605,4.238,11.052,16.103,9.106,13.317,10.917,11.555,10.743,14.224,11.454,9.521,11.205,12.802,17.131,12.827,12.806,11.942,13.324,8.359,8.341,14.167,8.979,4.359,11.517,8.063,9.876,4.298,14.655,9.457,4.354,14.494,6.025,7.844,9.92,11.05,5.12,14.555,15.507,6.86,6.137,6.815,16.636,13.035,10.966,14.116,15.345
26,4.099,5.847,1.772,4.518,12.27,1.347,2.299,5.814,19.65,19.231,17.194,4.86,2.61,2.978,11.681,4.214,1.54,14.44,8.021,14.976,16.498,1.615,17.983,1.902,9.045,15.255,0.0,17.617,1.88,7.116,1.37,18.895,7.539,17.543,7.609,7.874,7.284,18.382,29.382,1.664,3.27,2.478,15.155,5.247,19.921,8.649,17.941,13.956,18.67,2.605,3.952,14.095,3.945,7.007,5.64,16.987,8.52,13.915,12.394,19.383,4.219,0.848,17.496,5.319,4.399,4.455,4.801,5.695,3.805,15.764,4.057,15.851,2.059,5.117,5.722,5.172,5.494,7.439,11.765,2.692,6.812,14.8,3.763,12.901,6.207,14.238,1.752,15.408,13.282,0.984,9.309,7.616,5.955,4.314,17.961,4.391,26.858,14.564,13.331,8.667,2.366,2.895,4.321,1.336,1.312
27,13.649,15.744,16.742,16.66,8.454,18.791,15.777,11.976,8.129,11.854,2.761,16.398,16.038,14.662,6.685,13.549,17.736,3.869,9.721,8.236,1.208,16.907,1.94,17.458,10.875,3.075,17.617,0.0,17.522,11.271,16.458,2.332,13.194,2.31,13.362,9.802,11.238,0.926,18.635,16.249,16.005,16.093,2.786,14.278,8.876,11.427,0.385,11.227,7.789,18.953,13.719,8.299,13.812,13.418,12.149,8.017,9.192,7.414,9.692,2.13,13.503,18.461,11.497,16.186,13.416,14.241,13.353,17.123,13.877,8.499,13.638,12.02,19.381,15.671,15.698,14.759,16.206,10.339,11.401,16.205,11.735,3.925,13.969,8.057,12.656,4.263,16.809,8.553,4.929,16.784,8.323,10.531,12.654,13.575,2.569,17.358,16.409,6.247,6.179,8.959,18.751,15.632,13.439,16.399,17.855
28,4.707,7.481,3.453,6.268,11.395,1.803,3.6,5.547,18.769,20.27,17.395,6.576,1.51,3.534,11.235,4.826,3.418,14.106,8.286,14.019,16.46,0.731,18.087,0.067,9.98,15.4,1.88,17.522,0.0,6.482,1.522,18.994,8.808,17.202,8.912,7.733,6.599,18.337,30.396,1.536,4.86,1.437,14.926,6.565,18.979,9.66,17.866,12.683,17.789,1.459,4.447,13.149,4.587,8.285,5.376,16.05,8.33,13.088,11.333,19.4,4.774,2.061,18.568,7.01,5.048,5.631,5.66,7.487,4.345,14.772,4.586,14.517,2.071,6.726,7.347,6.602,7.188,7.183,12.905,1.403,7.611,14.407,4.397,12.041,7.19,13.859,0.767,14.412,12.931,1.504,9.375,8.168,6.879,5.048,17.595,6.217,27.856,13.857,12.725,8.616,1.236,4.302,4.917,1.692,3.192
29,4.355,8.649,6.996,8.53,5.21,8.024,6.118,1.687,12.553,16.629,11.596,8.527,4.973,4.68,4.773,4.339,7.847,7.681,3.832,7.953,10.298,5.979,12.099,6.415,7.27,9.568,7.116,11.271,6.482,0.0,5.771,12.98,7.82,10.754,8.032,2.199,0.247,12.134,26.324,5.5,7.119,5.055,8.573,6.792,12.854,7.334,11.633,7.553,11.576,7.838,4.155,7.072,4.467,7.531,1.801,9.93,2.46,6.814,5.578,13.261,4.203,7.88,15.152,8.652,4.401,5.981,5.003,9.623,4.294,8.766,4.19,9.526,8.496,8.07,8.522,7.24,8.785,1.549,10.361,5.093,5.359,7.948,4.498,5.823,5.837,7.41,5.857,8.419,6.507,6.15,3.948,4.751,5.504,4.634,11.136,9.017,23.79,7.452,6.259,3.048,7.663,6.412,4.278,5.781,7.844
30,3.25,6.075,2.218,4.974,10.907,2.336,2.133,4.545,18.29,18.765,16.168,5.243,1.38,2.064,10.393,3.369,2.557,13.19,7.0,13.609,15.36,0.821,16.911,1.492,8.482,14.198,1.37,16.458,1.522,5.771,0.0,17.821,7.289,16.295,7.395,6.667,5.933,17.244,28.897,0.299,3.471,1.247,13.941,5.056,18.556,8.149,16.79,12.603,17.309,2.864,3.02,12.728,3.118,6.767,4.37,15.621,7.299,12.558,11.025,18.273,3.333,2.109,17.057,5.648,3.584,4.111,4.158,6.227,2.901,14.396,3.15,14.507,2.935,5.312,5.937,5.117,5.827,6.189,11.386,1.538,6.132,13.533,2.927,11.54,5.678,12.974,0.865,14.039,12.025,0.385,8.197,6.763,5.373,3.564,16.706,5.035,26.359,13.224,12.008,7.5,2.614,2.845,3.466,0.184,2.424
31,14.831,16.349,17.852,17.421,10.665,20.13,16.908,13.47,10.182,10.219,1.924,17.12,17.547,15.917,8.643,14.722,18.845,6.018,10.878,10.567,2.785,18.341,0.912,18.932,11.317,3.647,18.895,2.332,18.994,12.98,17.821,0.0,13.676,4.536,13.817,11.281,12.979,1.54,16.36,17.638,16.958,17.588,4.893,15.068,10.933,11.88,1.997,13.543,9.946,20.445,14.946,10.614,14.991,13.977,13.636,10.308,10.725,9.714,11.94,0.949,14.697,19.743,10.148,16.851,14.564,15.183,14.385,17.728,15.097,10.828,14.849,14.352,20.757,16.382,16.322,15.517,16.847,11.88,11.186,17.733,12.593,6.164,15.162,10.308,13.478,6.431,18.256,10.884,6.959,18.123,9.629,11.481,13.538,14.697,4.692,18.129,14.181,8.56,8.392,10.381,20.23,16.676,14.612,17.744,18.992
32,4.521,2.737,5.84,4.075,11.89,8.857,5.278,6.339,18.192,11.764,11.768,3.697,8.092,5.461,9.693,4.434,6.621,11.367,4.816,14.427,11.986,8.104,12.819,8.78,2.358,10.228,7.539,13.194,8.808,7.82,7.289,13.676,0.0,14.062,0.222,6.347,8.061,13.703,21.905,7.331,4.4,8.023,11.55,2.292,18.709,1.796,13.412,15.023,17.31,10.033,4.862,13.643,4.563,0.532,6.322,16.065,6.785,12.985,12.785,14.408,4.558,8.23,10.011,3.321,4.222,3.178,3.433,4.087,4.87,15.252,4.721,16.953,9.57,2.996,2.741,2.448,3.273,6.622,4.269,8.347,2.502,11.908,4.715,12.314,2.043,11.388,8.123,14.967,10.506,7.34,6.149,3.537,2.412,4.092,14.529,4.754,19.398,13.003,11.585,6.313,9.78,4.643,4.398,7.116,6.871
33,13.772,16.439,16.882,17.182,7.025,18.623,15.911,11.75,5.847,14.081,5.002,16.964,15.694,14.67,5.982,13.683,17.861,3.106,10.013,6.253,2.883,16.645,4.249,17.136,11.85,4.698,17.543,2.31,17.202,10.754,16.295,4.536,14.062,0.0,14.25,9.681,10.673,2.998,20.895,16.059,16.334,15.765,2.532,14.819,6.59,12.372,2.567,9.35,5.48,18.585,13.784,6.473,13.932,14.208,11.925,5.78,9.028,5.694,8.112,4.049,13.615,18.368,13.621,16.813,13.584,14.622,13.657,17.793,13.947,6.397,13.725,9.938,19.161,16.262,16.375,15.32,16.856,10.109,12.885,15.831,12.277,2.81,14.07,6.519,13.206,3.345,16.534,6.498,4.274,16.647,8.515,11.021,13.14,13.77,0.468,17.858,18.696,4.489,4.87,8.96,18.404,15.869,13.577,16.262,17.947
34,4.681,2.649,5.894,4.032,12.111,8.919,5.363,6.542,18.404,11.737,11.906,3.645,8.226,5.597,9.91,4.596,6.654,11.568,5.037,14.648,12.155,8.213,12.964,8.885,2.505,10.385,7.609,13.362,8.912,8.032,7.395,13.817,0.222,14.25,0.0,6.568,8.273,13.863,21.872,7.445,4.438,8.154,11.741,2.367,18.923,1.944,13.577,15.244,17.523,10.12,5.023,13.864,4.717,0.634,6.523,16.283,7.007,13.205,13.006,14.556,4.723,8.286,9.98,3.251,4.387,3.289,3.595,3.979,5.026,15.472,4.883,17.175,9.631,2.962,2.664,2.479,3.192,6.841,4.245,8.48,2.722,12.111,4.866,12.535,2.239,11.592,8.236,15.187,10.713,7.437,6.366,3.758,2.605,4.251,14.718,4.7,19.369,13.218,11.801,6.534,9.867,4.716,4.564,7.221,6.907
35,4.171,7.782,7.246,8.051,5.62,9.003,6.281,2.19,12.486,14.431,9.754,7.942,6.269,4.993,3.988,4.098,8.209,6.585,1.762,8.277,8.727,7.106,10.379,7.67,5.34,7.733,7.874,9.802,7.733,2.199,6.667,11.281,6.347,9.681,6.568,0.0,2.351,10.606,24.141,6.451,6.904,6.314,7.282,5.92,12.901,5.504,10.14,8.679,11.54,9.176,4.137,7.444,4.326,6.174,2.359,10.083,0.66,6.912,6.441,11.668,4.009,8.707,12.963,7.945,4.042,5.373,4.331,8.958,4.301,9.112,4.094,10.607,9.582,7.349,7.674,6.422,8.043,0.679,8.323,6.452,3.858,6.978,4.444,6.107,4.585,6.411,7.011,8.8,5.445,7.004,1.813,2.912,4.334,4.255,10.106,8.651,21.604,7.206,5.829,0.931,8.966,6.333,3.999,6.617,8.281
36,4.593,8.895,7.203,8.768,5.014,8.167,6.334,1.928,12.372,16.78,11.623,8.768,5.093,4.894,4.692,4.578,8.045,7.613,4.021,7.752,10.282,6.115,12.104,6.532,7.484,9.597,7.284,11.238,6.599,0.247,5.933,12.979,8.061,10.673,8.273,2.351,0.0,12.108,26.445,5.658,7.35,5.18,8.524,7.039,12.664,7.557,11.603,7.312,11.393,7.938,4.388,6.87,4.703,7.775,2.038,9.737,2.557,6.634,5.35,13.243,4.442,8.039,15.314,8.896,4.643,6.225,5.249,9.864,4.525,8.562,4.426,9.285,8.626,8.314,8.767,7.486,9.029,1.723,10.565,5.203,5.595,7.864,4.73,5.633,6.082,7.331,5.99,8.213,6.44,6.314,4.063,4.968,5.749,4.875,11.049,9.251,23.913,7.298,6.128,3.168,7.768,6.639,4.518,5.949,8.037
37,14.381,16.302,17.458,17.27,9.378,19.573,16.498,12.789,8.672,11.509,2.564,16.995,16.861,15.416,7.59,14.278,18.453,4.793,10.434,9.096,1.884,17.712,1.474,18.274,11.362,3.479,18.382,0.926,18.337,12.134,17.244,1.54,13.703,2.998,13.863,10.606,12.108,0.0,17.9,17.042,16.673,16.912,3.702,14.892,9.423,11.92,0.542,12.115,8.413,19.774,14.464,9.19,14.543,13.954,12.961,8.774,10.008,8.317,10.61,1.204,14.238,19.227,11.284,16.764,14.137,14.903,14.04,17.683,14.62,9.325,14.378,12.859,20.174,16.263,16.262,15.364,16.776,11.161,11.653,17.033,12.364,4.849,14.705,8.976,13.276,5.188,17.617,9.395,5.841,17.564,9.073,11.184,13.294,14.29,3.155,17.972,15.718,7.14,7.104,9.745,19.568,16.327,14.168,17.18,18.581
38,25.701,24.208,27.733,25.733,26.152,30.721,27.085,25.902,26.414,10.151,16.346,25.322,29.332,26.863,23.506,25.585,28.525,21.715,22.753,26.706,18.609,29.665,16.731,30.354,20.416,17.914,29.382,18.635,30.396,26.324,28.897,16.36,21.905,20.895,21.872,24.141,26.445,17.9,0.0,28.86,26.305,29.306,20.665,24.176,27.158,20.758,18.337,29.462,26.27,31.75,25.984,26.59,25.814,22.432,26.012,26.652,23.894,25.63,27.517,16.955,25.65,30.113,11.895,24.854,25.359,24.929,24.739,25.188,26.071,27.072,25.84,30.533,31.436,24.739,24.282,24.349,24.734,24.815,17.639,29.58,22.794,22.054,26.003,25.972,23.229,22.125,29.647,27.085,22.268,29.034,22.382,22.418,23.525,25.348,21.042,26.307,2.548,24.588,24.034,23.278,31.497,26.506,25.5,28.745,28.776
39,3.174,6.221,2.452,5.168,10.623,2.564,2.269,4.311,18.007,18.737,15.999,5.423,1.114,1.998,10.144,3.293,2.843,12.954,6.844,13.32,15.159,0.805,16.728,1.494,8.445,14.021,1.664,16.249,1.536,5.5,0.299,17.638,7.331,16.059,7.445,6.451,5.658,17.042,28.86,0.0,3.639,0.985,13.717,5.126,18.27,8.13,16.584,12.304,17.027,2.944,2.922,12.44,3.052,6.813,4.136,15.335,7.078,12.277,10.731,18.079,3.245,2.382,17.037,5.816,3.514,4.156,4.128,6.427,2.814,14.106,3.058,14.208,3.132,5.458,6.082,5.215,5.995,5.958,11.386,1.295,6.075,13.29,2.861,11.257,5.663,12.733,0.797,13.749,11.786,0.68,8.01,6.657,5.347,3.512,16.467,5.259,26.32,12.952,11.744,7.297,2.7,2.978,3.385,0.415,2.717
40,2.807,2.622,1.5,1.591,12.219,4.525,1.399,5.456,19.36,16.163,15.141,1.793,4.684,2.62,10.888,2.853,2.223,13.315,6.332,14.963,14.823,4.258,16.057,4.851,6.235,13.331,3.27,16.005,4.86,7.119,3.471,16.958,4.4,16.334,4.438,6.904,7.35,16.673,26.305,3.639,0.0,4.571,13.828,2.163,19.743,5.762,16.289,14.624,18.402,5.864,2.967,14.093,2.674,3.875,5.324,16.87,7.551,13.696,12.696,17.561,2.969,3.874,14.411,2.178,2.871,1.776,2.677,2.849,2.825,15.792,2.946,16.592,5.228,1.868,2.488,1.96,2.357,6.733,8.668,4.903,4.375,13.765,2.624,12.789,3.54,13.2,4.328,15.456,12.236,3.366,7.82,5.493,3.429,2.652,16.782,1.92,23.798,14.093,12.73,7.442,5.619,0.769,2.939,3.288,2.471
41,3.642,7.115,3.436,6.124,10.037,3.034,3.179,4.125,17.423,19.218,16.011,6.363,0.134,2.566,9.8,3.754,3.798,12.669,6.956,12.693,15.037,0.971,16.683,1.372,8.934,14.008,2.478,16.093,1.437,5.055,1.247,17.588,8.023,15.765,8.154,6.314,5.18,16.912,29.306,0.985,4.571,0.0,13.49,5.893,17.654,8.665,16.438,11.517,16.441,2.862,3.337,11.819,3.55,7.52,3.956,14.72,6.904,11.719,10.046,17.982,3.673,3.046,17.543,6.74,3.982,4.888,4.687,7.386,3.268,13.462,3.484,13.395,3.448,6.353,6.975,6.035,6.918,5.754,11.961,0.337,6.529,12.971,3.372,10.68,6.235,12.422,0.832,13.102,11.494,1.567,7.985,6.949,5.894,4.034,16.159,6.237,26.761,12.459,11.308,7.207,2.658,3.875,3.829,1.396,3.65
42,11.308,13.908,14.421,14.653,5.78,16.276,13.449,9.41,7.457,12.838,4.322,14.433,13.427,12.245,3.91,11.216,15.405,1.126,7.5,6.066,2.152,14.338,4.181,14.861,9.369,3.035,15.155,2.786,14.926,8.573,13.941,4.893,11.55,2.532,11.741,7.282,8.524,3.702,20.665,13.717,13.828,13.49,0.0,12.288,8.138,9.881,3.167,8.827,6.818,16.338,11.337,5.929,11.469,11.685,9.584,6.429,6.642,4.977,7.077,4.897,11.154,15.989,12.109,14.281,11.108,12.106,11.151,15.261,11.499,6.522,11.271,9.889,16.839,13.73,13.843,12.789,14.324,7.762,10.624,13.582,9.745,1.389,11.613,5.454,10.675,1.543,14.233,6.483,2.145,14.283,6.012,8.49,10.611,11.287,2.995,15.332,18.32,3.928,3.514,6.511,16.145,13.381,11.109,13.897,15.501
43,2.716,1.878,3.557,2.382,11.511,6.567,2.998,5.135,18.338,14.028,13.212,2.145,5.976,3.39,9.755,2.669,4.379,11.902,4.881,14.194,13.079,5.877,14.178,6.541,4.096,11.481,5.247,14.278,6.565,6.792,5.056,15.068,2.292,14.819,2.367,5.92,7.039,14.892,24.176,5.126,2.163,5.893,12.288,0.0,18.784,3.607,14.54,14.308,17.408,7.755,3.042,13.355,2.695,1.76,5.061,15.995,6.503,12.83,12.199,15.718,2.814,5.943,12.281,2.046,2.516,1.029,1.8,3.06,2.993,15.03,2.927,16.276,7.28,1.462,1.762,0.512,2.13,5.959,6.539,6.226,2.552,12.395,2.796,12.02,1.624,11.841,5.907,14.715,10.898,5.08,6.39,3.798,1.691,2.312,15.278,3.08,21.663,13.059,11.653,6.225,7.502,2.352,2.681,4.879,4.618
44,16.944,20.611,19.824,20.951,7.653,20.687,18.913,14.382,0.751,20.657,11.592,20.841,17.545,17.494,9.055,16.891,20.697,7.734,14.0,4.961,9.41,18.622,10.796,18.913,16.835,11.034,19.921,8.876,18.979,12.854,18.556,10.933,18.709,6.59,18.923,12.901,12.664,9.423,27.158,18.27,19.743,17.654,8.138,18.784,0.0,17.27,9.084,7.076,1.402,20.127,16.828,5.835,17.084,18.7,14.537,2.935,12.29,6.059,7.683,10.234,16.78,20.641,20.119,20.825,16.876,18.273,17.23,21.84,16.984,4.221,16.823,6.224,21.05,20.232,20.514,19.293,20.914,13.01,18.6,17.592,16.459,7.156,17.164,7.031,17.32,7.563,18.486,4.582,8.307,18.94,12.571,15.241,17.132,17.101,6.31,21.541,25.072,5.732,7.149,12.572,20.014,19.107,16.804,18.587,20.698
45,5.023,4.501,7.075,5.737,10.783,9.995,6.351,6.107,16.721,10.617,9.973,5.385,8.71,6.145,8.367,4.913,7.956,9.777,3.781,13.191,10.221,8.932,11.024,9.621,0.563,8.442,8.649,11.427,9.66,7.334,8.149,11.88,1.796,12.372,1.944,5.504,7.557,11.92,20.758,8.13,5.762,8.665,9.881,3.607,17.27,0.0,11.637,14.093,15.868,10.994,5.335,12.45,5.118,2.135,6.141,14.72,5.803,11.722,11.799,12.614,5.0,9.412,8.909,5.051,4.684,4.203,4.003,5.868,5.397,13.999,5.187,15.974,10.709,4.656,4.49,3.932,5.022,5.933,3.313,8.964,2.213,10.333,5.3,11.144,2.472,9.832,8.924,13.735,8.99,8.276,4.861,2.608,2.783,4.638,12.84,6.436,18.226,11.621,10.218,5.232,10.74,5.818,4.841,7.993,8.183
46,13.959,15.983,17.046,16.921,8.836,19.122,16.083,12.319,8.334,11.717,2.656,16.653,16.385,14.981,7.063,13.857,18.041,4.254,10.022,8.586,1.466,17.246,1.714,17.802,11.083,3.229,17.941,0.385,17.866,11.633,16.79,1.997,13.412,2.567,13.577,10.14,11.603,0.542,18.337,16.584,16.289,16.438,3.167,14.54,9.084,11.637,0.0,11.591,8.03,19.299,14.034,8.664,14.121,13.647,12.491,8.319,9.535,7.785,10.071,1.746,13.815,18.785,11.414,16.434,13.722,14.523,13.645,17.363,14.192,8.833,13.951,12.36,19.716,15.924,15.939,15.017,16.45,10.685,11.511,16.554,12.002,4.307,14.281,8.437,12.92,4.647,17.15,8.894,5.309,17.114,8.639,10.808,12.926,13.878,2.778,17.62,16.129,6.613,6.562,9.29,19.096,15.928,13.748,16.729,18.163
47,11.901,16.178,14.294,16.074,3.574,14.472,13.508,9.24,7.174,21.018,13.143,16.079,11.392,12.077,6.432,11.889,15.021,7.752,10.321,3.137,10.95,12.473,12.946,12.621,13.839,11.58,13.956,11.227,12.683,7.553,12.603,13.543,15.023,9.35,15.244,8.679,7.312,12.115,29.462,12.304,14.624,11.517,8.827,14.308,7.076,14.093,11.591,0.0,6.322,13.641,11.682,2.929,12.006,14.828,9.348,4.589,8.296,3.852,2.322,13.284,11.752,14.561,19.939,16.203,11.954,13.531,12.537,17.176,11.812,3.314,11.728,1.973,14.713,15.618,16.054,14.771,16.333,8.433,16.498,11.377,12.526,7.452,12.022,3.555,13.184,7.339,12.329,3.056,7.256,12.983,9.361,11.563,12.889,12.187,9.448,16.538,27.08,4.983,5.443,8.864,13.569,13.891,11.83,12.679,14.956
48,15.609,19.229,18.52,19.591,6.407,19.473,17.6,13.073,0.981,19.463,10.45,19.474,16.336,16.189,7.667,15.554,19.406,6.36,12.611,3.812,8.217,17.407,9.727,17.722,15.433,9.764,18.67,7.789,17.789,11.576,17.309,9.946,17.31,5.48,17.523,11.54,11.393,8.413,26.27,17.027,18.402,16.441,6.818,17.408,1.402,15.868,8.03,6.322,0.0,18.972,15.502,4.654,15.752,17.305,13.231,1.81,10.922,4.761,6.584,9.316,15.445,19.404,18.867,19.451,15.533,16.913,15.871,20.466,15.659,3.172,15.494,5.843,19.858,18.859,19.133,17.918,19.538,11.67,17.218,16.394,15.069,5.784,15.836,5.77,15.935,6.176,17.272,3.521,6.907,17.693,11.175,13.848,15.752,15.756,5.26,20.188,24.126,4.349,5.762,11.19,18.849,17.777,15.465,17.335,19.415
49,6.109,8.452,4.374,7.108,12.612,1.633,4.757,6.987,19.95,21.611,18.852,7.459,2.915,4.925,12.608,6.228,4.02,15.498,9.743,15.178,17.899,2.159,19.539,1.517,11.339,16.856,2.605,18.953,1.459,7.838,2.864,20.445,10.033,18.585,10.12,9.176,7.938,19.774,31.75,2.944,5.864,2.862,16.338,7.755,20.127,10.994,19.299,13.641,18.972,0.0,5.865,14.32,5.98,9.504,6.817,17.211,9.766,14.317,12.45,20.844,6.186,2.252,19.896,7.922,6.446,6.879,7.016,8.254,5.754,15.909,6.0,15.411,1.317,7.719,8.326,7.728,8.096,8.614,14.2,2.757,8.996,15.783,5.789,13.261,8.522,15.24,2.219,15.547,14.322,2.719,10.831,9.601,8.227,6.428,18.972,6.927,29.214,15.134,14.044,10.065,0.254,5.421,6.323,3.009,3.75
50,0.342,4.735,3.109,4.397,9.265,5.225,2.144,2.49,16.467,15.884,13.242,4.43,3.377,0.982,8.104,0.433,4.078,10.704,4.069,12.013,12.582,3.719,14.035,4.4,5.597,11.304,3.952,13.719,4.447,4.155,3.02,14.946,4.862,13.784,5.023,4.137,4.388,14.464,25.984,2.922,2.967,3.337,11.337,3.042,16.828,5.335,14.034,11.682,15.502,5.865,0.0,11.14,0.353,4.4,2.358,13.938,4.797,10.771,9.729,15.448,0.336,4.8,14.206,4.618,0.657,2.05,1.43,5.541,0.163,12.839,0.148,13.653,5.89,4.067,4.597,3.377,4.768,3.856,8.64,3.63,3.194,11.111,0.343,9.844,2.942,10.543,3.685,12.501,9.576,3.256,5.396,3.743,2.585,0.773,14.217,4.863,23.441,11.226,9.893,4.828,5.62,2.284,0.494,2.901,4.165
51,11.287,15.223,14.066,15.393,1.874,14.852,13.178,8.66,5.631,18.376,10.251,15.324,11.71,11.745,4.18,11.246,14.914,4.882,8.828,0.882,8.035,12.787,10.022,13.083,12.109,8.767,14.095,8.299,13.149,7.072,12.728,10.614,13.643,6.473,13.864,7.444,6.87,9.19,26.59,12.44,14.093,11.819,5.929,13.355,5.835,12.45,8.664,2.929,4.654,14.32,11.14,0.0,11.419,13.542,8.806,2.902,6.905,0.973,1.99,10.364,11.126,14.808,17.398,15.362,11.256,12.734,11.695,16.37,11.29,1.7,11.15,4.065,15.22,14.766,15.113,13.852,15.468,7.424,14.464,11.759,11.23,4.544,11.481,1.338,12.014,4.478,12.651,1.365,4.542,13.113,7.589,10.106,11.776,11.487,6.606,15.944,24.23,2.054,2.712,7.331,14.199,13.423,11.167,12.764,14.903
52,0.162,4.383,2.951,4.069,9.545,5.248,1.98,2.79,16.714,15.7,13.265,4.091,3.6,1.056,8.309,0.27,3.937,10.863,4.118,12.289,12.665,3.856,14.08,4.543,5.406,11.345,3.945,13.812,4.587,4.467,3.118,14.991,4.563,13.932,4.717,4.326,4.703,14.543,25.814,3.052,2.674,3.55,11.469,2.695,17.084,5.118,14.121,12.006,15.752,5.98,0.353,11.419,0.0,4.091,2.666,14.204,4.984,11.032,10.035,15.51,0.318,4.787,14.011,4.27,0.467,1.698,1.147,5.2,0.309,13.118,0.277,13.977,5.928,3.716,4.245,3.024,4.419,4.088,8.41,3.856,3.024,11.282,0.191,10.117,2.688,10.714,3.833,12.782,9.747,3.32,5.495,3.681,2.344,0.484,14.369,4.553,23.273,11.462,10.117,4.972,5.731,2.026,0.379,2.984,4.045
53,4.058,2.375,5.309,3.624,11.762,8.325,4.748,6.003,18.199,12.288,12.079,3.26,7.592,4.963,9.659,3.976,6.097,11.452,4.732,14.34,12.21,7.584,13.111,8.257,2.688,10.487,7.007,13.418,8.285,7.531,6.767,13.977,0.532,14.208,0.634,6.174,7.775,13.954,22.432,6.813,3.875,7.52,11.685,1.76,18.7,2.135,13.647,14.828,17.305,9.504,4.4,13.542,4.091,0.0,5.974,16.019,6.65,12.912,12.614,14.69,4.105,7.699,10.537,2.916,3.771,2.658,2.977,3.751,4.399,15.169,4.262,16.77,9.039,2.541,2.358,1.931,2.889,6.401,4.794,7.846,2.319,11.983,4.236,12.207,1.697,11.453,7.605,14.876,10.553,6.814,6.13,3.466,2.047,3.628,14.674,4.316,19.923,12.979,11.56,6.217,9.251,4.111,3.947,6.593,6.346
54,2.555,6.895,5.29,6.73,6.933,6.7,4.378,0.175,14.202,16.098,12.084,6.732,3.911,2.959,6.042,2.541,6.187,8.82,3.27,9.683,11.084,4.76,12.733,5.313,6.193,10.071,5.64,12.149,5.376,1.801,4.37,13.636,6.322,11.925,6.523,2.359,2.038,12.961,26.012,4.136,5.324,3.956,9.584,5.061,14.537,6.141,12.491,9.348,13.231,6.817,2.358,8.806,2.666,5.974,0.0,11.631,2.958,8.478,7.372,14.027,2.404,6.453,14.523,6.87,2.614,4.206,3.261,7.832,2.5,10.505,2.39,11.32,7.255,6.293,6.764,5.489,7.007,1.823,9.356,4.098,3.991,9.166,2.701,7.525,4.286,8.606,4.661,10.163,7.655,4.724,4.068,3.745,3.927,2.845,12.336,7.218,23.465,9.01,7.727,3.258,6.609,4.628,2.484,4.34,6.214
55,14.066,17.842,16.912,18.115,4.723,17.753,16.008,11.479,2.761,19.266,10.48,18.021,14.612,14.584,6.374,14.018,17.777,5.709,11.29,2.033,8.183,15.688,9.934,15.984,14.32,9.464,16.987,8.017,16.05,9.93,15.621,10.308,16.065,5.78,16.283,10.083,9.737,8.774,26.652,15.335,16.87,14.72,6.429,15.995,2.935,14.72,8.319,4.589,1.81,17.211,13.938,2.902,14.204,16.019,11.631,0.0,9.492,3.178,4.789,9.814,13.903,17.706,18.516,18.026,14.011,15.441,14.398,19.04,14.093,1.363,13.939,4.422,18.12,17.431,17.74,16.501,18.123,10.149,16.347,14.661,13.741,5.173,14.277,4.109,14.576,5.426,15.552,1.711,5.968,16.006,9.919,12.554,14.368,14.238,5.701,18.691,24.416,3.113,4.502,9.826,17.093,16.221,13.933,15.654,17.773
56,4.829,8.352,7.906,8.672,5.113,9.635,6.941,2.785,11.863,14.29,9.243,8.552,6.853,5.651,3.337,4.754,8.869,5.929,2.025,7.723,8.135,7.717,9.827,8.267,5.582,7.215,8.52,9.192,8.33,2.46,7.299,10.725,6.785,9.028,7.007,0.66,2.557,10.008,23.894,7.078,7.551,6.904,6.642,6.503,12.29,5.803,9.535,8.296,10.922,9.766,4.797,6.905,4.984,6.65,2.958,9.492,0.0,6.332,6.02,11.085,4.667,9.351,12.87,8.538,4.694,5.995,4.957,9.553,4.961,8.556,4.754,10.198,10.205,7.944,8.248,7.01,8.632,1.156,8.454,7.027,4.332,6.319,5.103,5.568,5.111,5.752,7.618,8.252,4.787,7.641,1.52,3.275,4.883,4.904,9.451,9.281,21.364,6.581,5.193,0.666,9.561,6.988,4.655,7.255,8.94
57,10.893,14.684,13.767,14.938,1.711,14.745,12.853,8.323,5.739,17.408,9.298,14.846,11.617,11.436,3.372,10.843,14.647,3.917,8.181,1.482,7.098,12.679,9.099,13.021,11.357,7.795,13.915,7.414,13.088,6.814,12.558,9.714,12.985,5.694,13.205,6.912,6.634,8.317,25.63,12.277,13.696,11.719,4.977,12.83,6.059,11.722,7.785,3.852,4.761,14.317,10.771,0.973,11.032,12.912,8.478,3.178,6.332,0.0,2.452,9.502,10.729,14.657,16.444,14.857,10.835,12.264,11.221,15.87,10.926,2.277,10.769,5.034,15.152,14.261,14.579,13.334,14.955,6.971,13.619,11.687,10.616,3.6,11.108,1.062,11.433,3.511,12.546,2.027,3.578,12.94,6.87,9.454,11.214,11.061,5.872,15.513,23.264,1.205,1.758,6.698,14.181,13.052,10.758,12.58,14.654
58,9.917,14.077,12.519,14.084,1.37,13.07,11.674,7.245,7.549,18.836,11.309,14.057,9.932,10.232,4.191,9.892,13.317,5.956,8.039,2.775,9.229,11.017,11.258,11.268,11.533,9.605,12.394,9.692,11.333,5.578,11.025,11.94,12.785,8.112,13.006,6.441,5.35,10.61,27.517,10.731,12.696,10.046,7.077,12.199,7.683,11.799,10.071,2.322,6.584,12.45,9.729,1.99,10.035,12.614,7.372,4.789,6.02,2.452,0.0,11.81,9.762,13.071,17.706,14.146,9.934,11.48,10.461,15.136,9.871,3.462,9.759,4.178,13.401,13.554,13.958,12.677,14.267,6.258,14.176,9.96,10.3,5.778,10.073,1.635,10.997,5.536,10.877,3.101,5.253,11.41,7.042,9.295,10.718,10.167,8.31,14.589,25.096,3.639,3.564,6.568,12.341,11.989,9.824,11.076,13.283
59,15.349,17.055,18.402,18.085,10.581,20.595,17.449,13.857,9.485,11.134,2.764,17.794,17.935,16.41,8.768,15.243,19.397,5.995,11.392,10.241,2.963,18.763,1.611,19.337,12.052,4.238,19.383,2.13,19.4,13.261,18.273,0.949,14.408,4.049,14.556,11.668,13.243,1.204,16.955,18.079,17.561,17.982,4.897,15.718,10.234,12.614,1.746,13.284,9.316,20.844,15.448,10.364,15.51,14.69,14.027,9.814,11.085,9.502,11.81,0.0,15.211,20.231,11.092,17.542,15.094,15.786,14.956,18.437,15.602,10.435,15.356,13.975,21.207,17.058,17.023,16.178,17.544,12.241,12.055,18.112,13.216,6.052,15.677,10.176,14.114,6.391,18.672,10.52,7.029,18.586,10.08,12.07,14.155,15.237,4.122,18.791,14.839,8.319,8.308,10.789,20.634,17.248,15.133,18.203,19.534
60,0.164,4.562,3.268,4.327,9.252,5.509,2.296,2.52,16.406,15.549,12.979,4.33,3.712,1.277,7.992,0.146,4.252,10.545,3.82,11.995,12.359,4.045,13.786,4.727,5.261,11.052,4.219,13.503,4.774,4.203,3.333,14.697,4.558,13.615,4.723,4.009,4.442,14.238,25.65,3.245,2.969,3.673,11.154,2.814,16.78,5.0,13.815,11.752,15.445,6.186,0.336,11.126,0.318,4.105,2.404,13.903,4.667,10.729,9.762,15.211,0.0,5.064,13.87,4.486,0.336,1.858,1.128,5.434,0.433,12.824,0.19,13.724,6.181,3.92,4.426,3.18,4.629,3.778,8.306,3.966,2.859,10.963,0.467,9.82,2.617,10.396,4.013,12.489,9.428,3.557,5.184,3.435,2.257,0.502,14.052,4.831,23.107,11.151,9.803,4.655,5.939,2.336,0.162,3.209,4.356
61,4.943,6.362,2.392,4.945,12.998,0.673,3.072,6.627,20.385,19.962,18.041,5.317,3.169,3.826,12.489,5.057,1.811,15.264,8.869,15.687,17.343,2.09,18.831,2.106,9.822,16.103,0.848,18.461,2.061,7.88,2.109,19.743,8.23,18.368,8.286,8.707,8.039,19.227,30.113,2.382,3.874,3.046,15.989,5.943,20.641,9.412,18.785,14.561,19.404,2.252,4.8,14.808,4.787,7.699,6.453,17.706,9.351,14.657,13.071,20.231,5.064,0.0,18.22,5.793,5.239,5.209,5.616,6.043,4.652,16.467,4.904,16.433,1.356,5.662,6.245,5.821,5.962,8.26,12.48,3.194,7.623,15.618,4.606,13.634,6.989,15.057,2.234,16.109,14.103,1.736,10.155,8.452,6.751,5.147,18.784,4.705,27.594,15.332,14.116,9.508,2.055,3.608,5.165,2.116,1.534
62,13.908,12.373,15.838,13.886,16.375,18.832,15.202,14.436,19.398,1.765,8.758,13.477,17.579,15.048,13.518,13.794,16.631,12.831,11.369,17.814,10.742,17.84,9.816,18.529,8.609,9.106,17.496,11.497,18.568,15.152,17.057,10.148,10.011,13.621,9.98,12.963,15.314,11.284,11.895,17.037,14.411,17.543,12.109,12.281,20.119,8.909,11.414,19.939,18.867,19.896,14.206,17.398,14.011,10.537,14.523,18.516,12.87,16.444,17.706,11.092,13.87,18.22,0.0,13.019,13.565,13.047,12.909,13.431,14.28,18.425,14.06,21.45,19.547,12.872,12.439,12.456,12.908,13.603,5.743,17.831,11.015,13.348,14.197,16.412,11.38,13.156,17.83,18.307,12.87,17.177,11.371,10.806,11.69,13.536,13.983,14.485,9.389,15.708,14.688,12.21,19.642,14.614,13.715,16.9,16.882
63,4.349,0.647,3.573,0.893,13.508,6.465,3.562,6.968,20.382,14.784,14.965,0.487,6.85,4.59,11.801,4.343,3.994,13.925,6.921,16.208,14.981,6.429,15.975,7.005,5.602,13.317,5.319,16.186,7.01,8.652,5.648,16.851,3.321,16.813,3.251,7.945,8.896,16.764,24.854,5.816,2.178,6.74,14.281,2.046,20.825,5.051,16.434,16.203,19.451,7.922,4.618,15.362,4.27,2.916,6.87,18.026,8.538,14.857,14.146,17.542,4.486,5.793,13.019,0.0,4.256,2.672,3.685,1.015,4.517,17.043,4.542,18.176,7.134,0.596,0.592,1.535,0.179,7.944,7.371,7.074,4.54,14.425,4.301,14.03,3.614,13.874,6.502,16.724,12.934,5.529,8.426,5.801,3.729,4.025,17.275,1.473,22.384,15.103,13.697,8.27,7.685,2.873,4.39,5.466,4.272
64,0.343,4.299,3.327,4.152,9.385,5.709,2.361,2.715,16.489,15.25,12.827,4.128,4.026,1.521,8.03,0.229,4.32,10.528,3.704,12.121,12.263,4.317,13.653,5.003,4.957,10.917,4.399,13.416,5.048,4.401,3.584,14.564,4.222,13.584,4.387,4.042,4.643,14.137,25.359,3.514,2.871,3.982,11.108,2.516,16.876,4.684,13.722,11.954,15.533,6.446,0.657,11.256,0.467,3.771,2.614,14.011,4.694,10.835,9.934,15.094,0.336,5.239,13.565,4.256,0.0,1.596,0.794,5.221,0.715,12.953,0.51,13.927,6.391,3.68,4.165,2.904,4.393,3.866,7.985,4.281,2.566,10.959,0.658,9.943,2.285,10.392,4.292,12.621,9.425,3.787,5.113,3.22,1.928,0.233,14.025,4.688,22.817,11.223,9.862,4.634,6.197,2.299,0.177,3.451,4.443
65,1.741,2.705,2.891,2.678,10.872,5.798,2.157,4.3,17.857,14.778,13.368,2.59,4.966,2.364,9.313,1.712,3.819,11.632,4.609,13.589,13.057,4.926,14.281,5.602,4.623,11.555,4.455,14.241,5.631,5.981,4.111,15.183,3.178,14.622,3.289,5.373,6.225,14.903,24.929,4.156,1.776,4.888,12.106,1.029,18.273,4.203,14.523,13.531,16.913,6.879,2.05,12.734,1.698,2.658,4.206,15.441,5.995,12.264,11.48,15.786,1.858,5.209,13.047,2.672,1.596,0.0,1.043,3.657,1.986,14.424,1.947,15.503,6.513,2.089,2.571,1.327,2.803,5.311,7.328,5.218,2.607,12.1,1.782,11.409,1.82,11.537,4.947,14.099,10.579,4.171,6.114,3.719,1.663,1.372,15.074,3.292,22.403,12.576,11.187,5.811,6.625,1.628,1.743,3.938,4.024
66,1.09,3.646,3.484,3.72,9.834,6.141,2.582,3.338,16.817,14.61,12.604,3.629,4.741,2.144,8.281,1.001,4.47,10.644,3.656,12.548,12.18,4.931,13.478,5.621,4.324,10.743,4.801,13.353,5.66,5.003,4.158,14.385,3.433,13.657,3.595,4.331,5.249,14.04,24.739,4.128,2.677,4.687,11.151,1.8,17.23,4.003,13.645,12.537,15.871,7.016,1.43,11.695,1.147,2.977,3.261,14.398,4.957,11.221,10.461,14.956,1.128,5.616,12.909,3.685,0.794,1.043,0.0,4.683,1.448,13.383,1.289,14.508,6.842,3.093,3.519,2.237,3.806,4.271,7.279,4.997,2.011,11.101,1.317,10.368,1.548,10.537,4.921,13.059,9.575,4.311,5.142,2.914,1.219,0.665,14.105,4.325,22.201,11.536,10.15,4.792,6.764,2.292,0.971,4.008,4.635
67,5.291,1.382,4.044,1.264,14.514,6.712,4.243,7.936,21.397,15.192,15.83,1.113,7.503,5.413,12.815,5.294,4.238,14.922,7.929,17.218,15.916,6.966,16.86,7.49,6.428,14.224,5.695,17.123,7.487,9.623,6.227,17.728,4.087,17.793,3.979,8.958,9.864,17.683,25.188,6.427,2.849,7.386,15.261,3.06,21.84,5.868,17.363,17.176,20.466,8.254,5.541,16.37,5.2,3.751,7.832,19.04,9.553,15.87,15.136,18.437,5.434,6.043,13.431,1.015,5.221,3.657,4.683,0.0,5.429,18.053,5.475,19.149,7.338,1.609,1.425,2.549,0.941,8.949,7.898,7.713,5.532,15.426,5.214,15.04,4.61,14.876,7.055,17.733,13.939,6.056,9.431,6.795,4.739,4.989,18.256,1.344,22.744,16.118,14.712,9.285,8.03,3.606,5.348,6.049,4.513
68,0.373,4.653,2.946,4.273,9.416,5.086,1.981,2.636,16.624,15.964,13.389,4.317,3.314,0.846,8.267,0.487,3.915,10.867,4.219,12.164,12.739,3.615,14.186,4.299,5.672,11.454,3.805,13.877,4.345,4.294,2.901,15.097,4.87,13.947,5.026,4.301,4.525,14.62,26.071,2.814,2.825,3.268,11.499,2.993,16.984,5.397,14.192,11.812,15.659,5.754,0.163,11.29,0.309,4.399,2.5,14.093,4.961,10.926,9.871,15.602,0.433,4.652,14.28,4.517,0.715,1.986,1.448,5.429,0.0,12.99,0.254,13.782,5.754,3.973,4.514,3.309,4.67,4.017,8.696,3.569,3.277,11.274,0.216,9.997,2.982,10.707,3.585,12.651,9.74,3.126,5.554,3.866,2.632,0.783,14.38,4.728,23.528,11.386,10.054,4.99,5.507,2.133,0.572,2.777,4.003
69,12.986,16.894,15.762,17.086,3.574,16.493,14.876,10.36,4.114,19.287,10.764,17.012,13.351,13.442,5.644,12.944,16.605,5.627,10.441,0.836,8.475,14.432,10.354,14.707,13.633,9.521,15.764,8.499,14.772,8.766,14.396,10.828,15.252,6.397,15.472,9.112,8.562,9.325,27.072,14.106,15.792,13.462,6.522,15.03,4.221,13.999,8.833,3.314,3.172,15.909,12.839,1.7,13.118,15.169,10.505,1.363,8.556,2.277,3.462,10.435,12.824,16.467,18.425,17.043,12.953,14.424,13.383,18.053,12.99,0.0,12.849,3.541,16.843,16.447,16.786,15.529,17.148,9.113,15.852,13.391,12.865,5.162,13.18,3.015,13.666,5.277,14.294,0.362,5.611,14.781,9.146,11.717,13.437,13.183,6.409,17.64,24.777,2.718,3.911,8.952,15.797,15.123,12.864,14.435,16.59
70,0.211,4.643,3.16,4.346,9.276,5.339,2.19,2.515,16.456,15.739,13.138,4.367,3.524,1.1,8.07,0.288,4.137,10.649,3.971,12.021,12.497,3.857,13.937,4.539,5.45,11.205,4.057,13.638,4.586,4.19,3.15,14.849,4.721,13.725,4.883,4.094,4.426,14.378,25.84,3.058,2.946,3.484,11.271,2.927,16.823,5.187,13.951,11.728,15.494,6.0,0.148,11.15,0.277,4.262,2.39,13.939,4.754,10.769,9.759,15.356,0.19,4.904,14.06,4.542,0.51,1.947,1.289,5.475,0.254,12.849,0.0,13.7,6.008,3.984,4.505,3.274,4.689,3.836,8.492,3.778,3.049,11.061,0.35,9.85,2.795,10.494,3.824,12.512,9.526,3.379,5.316,3.615,2.438,0.637,14.159,4.829,23.297,11.209,9.869,4.765,5.754,2.284,0.346,3.028,4.232
71,13.873,18.148,16.239,18.046,5.272,16.315,15.465,11.213,6.517,22.441,14.192,18.052,13.268,14.037,8.061,13.862,16.95,8.894,12.218,3.828,11.926,14.343,13.85,14.456,15.699,12.802,15.851,12.02,14.517,9.526,14.507,14.352,16.953,9.938,17.175,10.607,9.285,12.859,30.533,14.208,16.592,13.395,9.889,16.276,6.224,15.974,12.36,1.973,5.843,15.411,13.653,4.065,13.977,16.77,11.32,4.422,10.198,5.034,4.178,13.975,13.724,16.433,21.45,18.176,13.927,15.503,14.508,19.149,13.782,3.541,13.7,0.0,16.523,17.591,18.024,16.741,18.305,10.385,18.275,13.24,14.462,8.501,13.992,5.085,15.136,8.504,14.198,3.468,8.607,14.884,11.189,13.472,14.845,14.16,9.944,18.506,28.206,5.963,6.774,10.744,15.353,15.856,13.803,14.589,16.878
72,6.075,7.71,3.741,6.275,13.462,0.715,4.358,7.429,20.839,21.285,19.097,6.654,3.541,4.909,13.217,6.193,3.14,16.057,9.922,16.089,18.29,2.521,19.846,2.137,11.103,17.131,2.059,19.381,2.071,8.496,2.935,20.757,9.57,19.161,9.631,9.582,8.626,20.174,31.436,3.132,5.228,3.448,16.839,7.28,21.05,10.709,19.716,14.713,19.858,1.317,5.89,15.22,5.928,9.039,7.255,18.12,10.205,15.152,13.401,21.207,6.181,1.356,19.547,7.134,6.391,6.513,6.842,7.338,5.754,16.843,6.008,16.523,0.0,7.015,7.594,7.172,7.3,9.078,13.812,3.465,8.853,16.379,5.74,14.107,8.265,15.825,2.64,16.482,14.886,2.643,11.132,9.609,8.009,6.326,19.563,5.994,28.914,15.906,14.753,10.428,1.253,4.935,6.297,3.016,2.862
73,3.788,0.763,3.346,1.083,12.912,6.327,3.189,6.388,19.791,14.635,14.505,0.738,6.458,4.103,11.212,3.776,3.902,13.359,6.343,15.612,14.468,6.111,15.5,6.715,5.196,12.827,5.117,15.671,6.726,8.07,5.312,16.382,2.996,16.262,2.962,7.349,8.314,16.263,24.739,5.458,1.868,6.353,13.73,1.462,20.232,4.656,15.924,15.618,18.859,7.719,4.067,14.766,3.716,2.541,6.293,17.431,7.944,14.261,13.554,17.058,3.92,5.662,12.872,0.596,3.68,2.089,3.093,1.609,3.973,16.447,3.984,17.591,7.015,0.0,0.625,0.951,0.715,7.349,7.172,6.689,3.985,13.855,3.758,13.434,3.055,13.302,6.174,16.128,12.359,5.228,7.851,5.242,3.152,3.451,16.722,1.78,22.254,14.511,13.107,7.682,7.476,2.481,3.819,5.128,4.174
74,4.303,0.143,3.954,1.45,13.272,6.913,3.814,6.85,20.057,14.204,14.429,1.039,7.078,4.694,11.471,4.281,4.466,13.52,6.554,15.951,14.491,6.736,15.45,7.338,5.046,12.806,5.722,15.698,7.347,8.522,5.937,16.322,2.741,16.375,2.664,7.674,8.767,16.262,24.282,6.082,2.488,6.975,13.843,1.762,20.514,4.49,15.939,16.054,19.133,8.326,4.597,15.113,4.245,2.358,6.764,17.74,8.248,14.579,13.958,17.023,4.426,6.245,12.439,0.592,4.165,2.571,3.519,1.425,4.514,16.786,4.505,18.024,7.594,0.625,0.0,1.283,0.532,7.72,6.782,7.311,4.131,14.029,4.301,13.778,3.221,13.482,6.799,16.472,12.55,5.851,8.047,5.393,3.382,3.942,16.838,2.063,21.808,14.784,13.373,7.943,8.085,3.105,4.314,5.753,4.741
75,3.067,1.409,3.431,1.907,12.005,6.463,3.003,5.571,18.848,14.21,13.652,1.646,6.125,3.604,10.266,3.034,4.176,12.41,5.392,14.694,13.558,5.936,14.63,6.582,4.446,11.942,5.172,14.759,6.602,7.24,5.117,15.517,2.448,15.32,2.479,6.422,7.486,15.364,24.349,5.215,1.96,6.035,12.789,0.512,19.293,3.932,15.017,14.771,17.918,7.728,3.377,13.852,3.024,1.931,5.489,16.501,7.01,13.334,12.677,16.178,3.18,5.821,12.456,1.535,2.904,1.327,2.237,2.549,3.309,15.529,3.274,16.741,7.172,0.951,1.283,0.0,1.622,6.447,6.715,6.37,3.047,12.905,3.102,12.518,2.116,12.352,5.978,15.213,11.409,5.102,6.901,4.299,2.201,2.687,15.78,2.613,21.844,13.569,12.163,6.736,7.478,2.312,3.059,4.936,4.429
76,4.495,0.549,3.749,1.042,13.617,6.634,3.739,7.103,20.467,14.673,14.956,0.647,7.027,4.757,11.883,4.486,4.16,13.982,6.989,16.312,15.0,6.607,15.974,7.183,5.577,13.324,5.494,16.206,7.188,8.785,5.827,16.847,3.273,16.856,3.192,8.043,9.029,16.776,24.734,5.995,2.357,6.918,14.324,2.13,20.914,5.022,16.45,16.333,19.538,8.096,4.768,15.468,4.419,2.889,7.007,18.123,8.632,14.955,14.267,17.544,4.629,5.962,12.908,0.179,4.393,2.803,3.806,0.941,4.67,17.148,4.689,18.305,7.3,0.715,0.532,1.622,0.0,8.055,7.276,7.252,4.591,14.485,4.454,14.136,3.67,13.935,6.681,16.83,12.998,5.708,8.491,5.854,3.801,4.164,17.319,1.577,22.267,15.189,13.782,8.353,7.859,3.05,4.53,5.644,4.438
77,3.942,7.835,6.941,7.975,5.565,8.521,5.989,1.648,12.629,15.086,10.384,7.9,5.7,4.639,4.274,3.885,7.88,7.004,2.303,8.279,9.289,6.579,10.982,7.119,5.818,8.359,7.439,10.339,7.183,1.549,6.189,11.88,6.622,10.109,6.841,0.679,1.723,11.161,24.815,5.958,6.733,5.754,7.762,5.959,13.01,5.933,10.685,8.433,11.67,8.614,3.856,7.424,4.088,6.401,1.823,10.149,1.156,6.971,6.258,12.241,3.778,8.26,13.603,7.944,3.866,5.311,4.271,8.949,4.017,9.113,3.836,10.385,9.078,7.349,7.72,6.447,8.055,0.0,8.863,5.873,4.12,7.362,4.182,6.098,4.752,6.799,6.477,8.788,5.843,6.538,2.488,3.325,4.463,4.091,10.523,8.543,22.278,7.374,6.037,1.596,8.411,6.114,3.796,6.153,7.932
78,8.323,6.73,10.096,8.213,13.003,13.097,9.478,9.304,17.971,7.495,9.291,7.81,12.009,9.421,10.286,8.214,10.89,10.868,6.569,15.098,10.273,12.183,10.457,12.87,3.164,8.341,11.765,11.401,12.905,10.361,11.386,11.186,4.269,12.885,4.245,8.323,10.565,11.653,17.639,11.386,8.668,11.961,10.624,6.539,18.6,3.313,11.511,16.498,17.218,14.2,8.64,14.464,8.41,4.794,9.356,16.347,8.454,13.619,14.176,12.055,8.306,12.48,5.743,7.371,7.985,7.328,7.279,7.898,8.696,15.852,8.492,18.275,13.812,7.172,6.782,6.715,7.276,8.863,0.0,12.264,5.518,11.446,8.589,13.244,5.731,11.044,12.184,15.638,10.385,11.484,7.167,5.648,6.067,7.927,13.337,8.844,15.13,13.254,11.944,7.806,13.946,8.877,8.146,11.223,11.139
79,3.942,7.452,3.746,6.452,9.996,3.113,3.513,4.264,17.375,19.501,16.176,6.694,0.256,2.886,9.856,4.052,4.066,12.742,7.164,12.631,15.162,1.107,16.83,1.336,9.223,14.167,2.692,16.205,1.403,5.093,1.538,17.733,8.347,15.831,8.48,6.452,5.203,17.033,29.58,1.295,4.903,0.337,13.582,6.226,17.592,8.964,16.554,11.377,16.394,2.757,3.63,11.759,3.856,7.846,4.098,14.661,7.027,11.687,9.96,18.112,3.966,3.194,17.831,7.074,4.281,5.218,4.997,7.713,3.569,13.391,3.778,13.24,3.465,6.689,7.311,6.37,7.252,5.873,12.264,0.0,6.816,13.031,3.68,10.642,6.543,12.486,0.962,13.03,11.566,1.829,8.151,7.201,6.199,4.34,16.22,6.554,27.034,12.454,11.326,7.356,2.573,4.211,4.124,1.698,3.906
80,2.908,4.21,5.428,4.932,9.444,8.152,4.569,3.978,15.978,12.69,10.767,4.692,6.564,4.078,7.404,2.791,6.391,9.391,2.459,12.034,10.539,6.88,11.695,7.567,2.41,8.979,6.812,11.735,7.611,5.359,6.132,12.593,2.502,12.277,2.722,3.858,5.595,12.364,22.794,6.075,4.375,6.529,9.745,2.552,16.459,2.213,12.002,12.526,15.069,8.996,3.194,11.23,3.024,2.319,3.991,13.741,4.332,10.616,10.3,13.216,2.859,7.623,11.015,4.54,2.566,2.607,2.011,5.532,3.277,12.865,3.049,14.462,8.853,3.985,4.131,3.047,4.591,4.12,5.518,6.816,0.0,9.898,3.214,9.894,0.93,9.351,6.857,12.569,8.421,6.306,3.925,1.263,0.946,2.568,12.737,5.625,20.251,10.728,9.31,3.918,8.745,4.184,2.707,5.99,6.578
81,11.123,14.106,14.219,14.719,4.529,15.854,13.251,8.991,6.526,14.144,5.709,14.533,12.897,11.968,3.176,11.041,15.186,0.578,7.521,4.681,3.499,13.86,5.51,14.34,9.856,4.359,14.8,3.925,14.407,7.948,13.533,6.164,11.908,2.81,12.111,6.978,7.864,4.849,22.054,13.29,13.765,12.971,1.389,12.395,7.156,10.333,4.307,7.452,5.784,15.783,11.111,4.544,11.282,11.983,9.166,5.173,6.319,3.6,5.778,6.052,10.963,15.618,13.348,14.425,10.959,12.1,11.101,15.426,11.274,5.162,11.061,8.501,16.379,13.855,14.029,12.905,14.485,7.362,11.446,13.031,9.898,0.0,11.409,4.144,10.815,0.567,13.747,5.108,1.535,13.89,6.007,8.636,10.705,11.156,3.189,15.376,19.709,2.539,2.257,6.328,15.604,13.256,10.938,13.506,15.259
82,0.337,4.44,2.813,4.06,9.607,5.062,1.842,2.833,16.8,15.887,13.441,4.102,3.425,0.865,8.42,0.453,3.792,10.996,4.286,12.353,12.826,3.666,14.251,4.353,5.593,11.517,3.763,13.969,4.397,4.498,2.927,15.162,4.715,14.07,4.866,4.444,4.73,14.705,26.003,2.861,2.624,3.372,11.613,2.796,17.164,5.3,14.281,12.022,15.836,5.789,0.343,11.481,0.191,4.236,2.701,14.277,5.103,11.108,10.073,15.677,0.467,4.606,14.197,4.301,0.658,1.782,1.317,5.214,0.216,13.18,0.35,13.992,5.74,3.758,4.301,3.102,4.454,4.182,8.589,3.68,3.214,11.409,0.0,10.184,2.863,10.842,3.644,12.842,9.875,3.129,5.649,3.869,2.523,0.663,14.506,4.521,23.462,11.555,10.217,5.11,5.54,1.945,0.559,2.793,3.892
83,9.982,13.887,12.803,14.072,0.65,13.709,11.902,7.375,6.751,17.468,9.714,13.997,10.577,10.476,2.98,9.939,13.668,4.338,7.498,2.18,7.606,11.642,9.632,11.975,10.815,8.063,12.901,8.057,12.041,5.823,11.54,10.308,12.314,6.519,12.535,6.107,5.633,8.976,25.972,11.257,12.789,10.68,5.454,12.02,7.031,11.144,8.437,3.555,5.77,13.261,9.844,1.338,10.117,12.207,7.525,4.109,5.568,1.062,1.635,10.176,9.82,13.634,16.412,14.03,9.943,11.409,10.368,15.04,9.997,3.015,9.85,5.085,14.107,13.434,13.778,12.518,14.136,6.098,13.244,10.642,9.894,4.144,10.184,0.0,10.677,3.918,11.509,2.694,3.716,11.923,6.287,8.777,10.438,10.172,6.74,14.63,23.57,2.111,1.953,6.001,13.127,12.128,9.857,11.566,13.667
84,2.613,3.306,4.707,4.005,10.203,7.554,3.917,4.31,16.851,13.09,11.636,3.762,6.287,3.69,8.268,2.51,5.639,10.312,3.336,12.833,11.458,6.464,12.583,7.153,2.839,9.876,6.207,12.656,7.19,5.837,5.678,13.478,2.043,13.206,2.239,4.585,6.082,13.276,23.229,5.663,3.54,6.235,10.675,1.624,17.32,2.472,12.92,13.184,15.935,8.522,2.942,12.014,2.688,1.697,4.286,14.576,5.111,11.433,10.997,14.114,2.617,6.989,11.38,3.614,2.285,1.82,1.548,4.61,2.982,13.666,2.795,15.136,8.265,3.055,3.221,2.116,3.67,4.752,5.731,6.543,0.93,10.815,2.863,10.677,0.0,10.266,6.459,13.363,9.331,5.805,4.827,2.188,0.374,2.204,13.667,4.702,20.695,11.588,10.173,4.753,8.268,3.444,2.455,5.521,5.844
85,10.556,13.56,13.652,14.161,4.237,15.296,12.683,8.431,6.956,14.015,5.811,13.977,12.35,11.402,2.639,10.474,14.619,0.42,6.964,4.721,3.694,13.307,5.724,13.793,9.363,4.298,14.238,4.263,13.859,7.41,12.974,6.431,11.388,3.345,11.592,6.411,7.331,5.188,22.125,12.733,13.2,12.422,1.543,11.841,7.563,9.832,4.647,7.339,6.176,15.24,10.543,4.478,10.714,11.453,8.606,5.426,5.752,3.511,5.536,6.391,10.396,15.057,13.156,13.874,10.392,11.537,10.537,14.876,10.707,5.277,10.494,8.504,15.825,13.302,13.482,12.352,13.935,6.799,11.044,12.486,9.351,0.567,10.842,3.918,10.266,0.0,13.195,5.184,0.968,13.33,5.452,8.09,10.151,10.589,3.738,14.816,19.754,2.575,1.972,5.761,15.059,12.69,10.371,12.945,14.692
86,3.951,6.936,3.018,5.809,10.867,2.202,2.998,4.834,18.253,19.528,16.646,6.09,0.946,2.784,10.581,4.068,3.194,13.433,7.525,13.526,15.738,0.144,17.348,0.717,9.234,14.655,1.752,16.809,0.767,5.857,0.865,18.256,8.123,16.534,8.236,7.011,5.99,17.617,29.647,0.797,4.328,0.832,14.233,5.907,18.486,8.924,17.15,12.329,17.272,2.219,3.685,12.651,3.833,7.605,4.661,15.552,7.618,12.546,10.877,18.672,4.013,2.234,17.83,6.502,4.292,4.947,4.921,7.055,3.585,14.294,3.824,14.198,2.64,6.174,6.799,5.978,6.681,6.477,12.184,0.962,6.857,13.747,3.644,11.509,6.459,13.195,0.0,13.934,12.26,1.005,8.632,7.401,6.141,4.3,16.933,5.834,27.106,13.278,12.115,7.884,1.988,3.709,4.157,1.048,3.01
87,12.65,16.581,15.415,16.758,3.237,16.133,14.531,10.019,4.468,19.198,10.757,16.688,12.991,13.096,5.397,12.61,16.254,5.549,10.153,0.545,8.477,14.072,10.385,14.346,13.377,9.457,15.408,8.553,14.412,8.419,14.039,10.884,14.967,6.498,15.187,8.8,8.213,9.395,27.085,13.749,15.456,13.102,6.483,14.715,4.582,13.735,8.894,3.056,3.521,15.547,12.501,1.365,12.782,14.876,10.163,1.711,8.252,2.027,3.101,10.52,12.489,16.109,18.307,16.724,12.621,14.099,13.059,17.733,12.651,0.362,12.512,3.468,16.482,16.128,16.472,15.213,16.83,8.788,15.638,13.03,12.569,5.108,12.842,2.694,13.363,5.184,13.934,0.0,5.461,14.424,8.877,11.431,13.129,12.851,6.536,17.309,24.774,2.61,3.717,8.66,15.435,14.784,12.531,14.08,16.238
88,9.588,12.631,12.685,13.208,3.894,14.351,11.716,7.48,7.737,13.834,6.093,13.03,11.424,10.437,1.774,9.506,13.653,1.176,6.017,4.953,4.175,12.371,6.183,12.866,8.539,4.354,13.282,4.929,12.931,6.507,12.025,6.959,10.506,4.274,10.713,5.445,6.44,5.841,22.268,11.786,12.236,11.494,2.145,10.898,8.307,8.99,5.309,7.256,6.907,14.322,9.576,4.542,9.747,10.553,7.655,5.968,4.787,3.578,5.253,7.029,9.428,14.103,12.87,12.934,9.425,10.579,9.575,13.939,9.74,5.611,9.526,8.607,14.886,12.359,12.55,11.409,12.998,5.843,10.385,11.566,8.421,1.535,9.875,3.716,9.331,0.968,12.26,5.461,0.0,12.378,4.508,7.163,9.208,9.622,4.682,13.86,19.857,2.914,1.835,4.795,14.137,11.723,9.403,11.994,13.726
89,3.46,5.986,2.015,4.817,11.291,2.01,2.099,4.899,18.673,18.893,16.456,5.107,1.701,2.28,10.756,3.579,2.237,13.542,7.28,13.994,15.68,0.91,17.212,1.489,8.628,14.494,0.984,16.784,1.504,6.15,0.385,18.123,7.34,16.647,7.437,7.004,6.314,17.564,29.034,0.68,3.366,1.567,14.283,5.08,18.94,8.276,17.114,12.983,17.693,2.719,3.256,13.113,3.32,6.814,4.724,16.006,7.641,12.94,11.41,18.586,3.557,1.736,17.177,5.529,3.787,4.171,4.311,6.056,3.126,14.781,3.379,14.884,2.643,5.228,5.851,5.102,5.708,6.538,11.484,1.829,6.306,13.89,3.129,11.923,5.805,13.33,1.005,14.424,12.378,0.0,8.506,6.991,5.515,3.745,17.06,4.829,26.499,13.601,12.381,7.825,2.465,2.798,3.681,0.386,2.083
90,5.332,8.131,8.438,8.713,5.949,10.515,7.468,3.911,12.072,12.775,8.026,8.526,7.952,6.343,3.545,5.234,9.429,5.525,1.514,8.333,7.19,8.715,8.719,9.315,4.531,6.025,9.309,8.323,9.375,3.948,8.197,9.629,6.149,8.515,6.366,1.813,4.063,9.073,22.382,8.01,7.82,7.985,6.012,6.39,12.571,4.861,8.639,9.361,11.175,10.831,5.396,7.589,5.495,6.13,4.068,9.919,1.52,6.87,7.042,10.08,5.184,10.155,11.371,8.426,5.113,6.114,5.142,9.431,5.554,9.146,5.316,11.189,11.132,7.851,8.047,6.901,8.491,2.488,7.167,8.151,3.925,6.007,5.649,6.287,4.827,5.452,8.632,8.877,4.508,8.506,0.0,2.68,4.7,5.285,8.964,9.375,19.85,6.855,5.436,0.901,10.611,7.372,5.126,8.124,9.54
91,3.534,5.471,6.397,6.169,8.36,8.929,5.478,3.677,14.749,12.413,9.691,5.943,6.96,4.712,6.194,3.416,7.384,8.128,1.279,10.892,9.342,7.446,10.575,8.117,2.521,7.844,7.616,10.531,8.168,4.751,6.763,11.481,3.537,11.021,3.758,2.912,4.968,11.184,22.418,6.657,5.493,6.949,8.49,3.798,15.241,2.608,10.808,11.563,13.848,9.601,3.743,10.106,3.681,3.466,3.745,12.554,3.275,9.454,9.295,12.07,3.435,8.452,10.806,5.801,3.22,3.719,2.914,6.795,3.866,11.717,3.615,13.472,9.609,5.242,5.393,4.299,5.854,3.325,5.648,7.201,1.263,8.636,3.869,8.777,2.188,8.09,7.401,11.431,7.163,6.991,2.68,0.0,2.131,3.305,11.481,6.855,19.87,9.516,8.096,2.777,9.357,5.199,3.313,6.643,7.546
92,2.26,3.478,4.511,4.043,9.953,7.302,3.682,3.955,16.675,13.392,11.713,3.832,5.943,3.362,8.089,2.155,5.464,10.212,3.192,12.602,11.462,6.15,12.638,6.839,3.113,9.92,5.955,12.654,6.879,5.504,5.373,13.538,2.412,13.14,2.605,4.334,5.749,13.294,23.525,5.347,3.429,5.894,10.611,1.691,17.132,2.783,12.926,12.889,15.752,8.227,2.585,11.776,2.344,2.047,3.927,14.368,4.883,11.214,10.718,14.155,2.257,6.751,11.69,3.729,1.928,1.663,1.219,4.739,2.632,13.437,2.438,14.845,8.009,3.152,3.382,2.201,3.801,4.463,6.067,6.199,0.946,10.705,2.523,10.438,0.374,10.151,6.141,13.129,9.208,5.515,4.7,2.131,0.0,1.861,13.598,4.725,20.988,11.403,9.991,4.562,7.974,3.257,2.095,5.22,5.657
93,0.431,4.077,3.169,3.919,9.616,5.636,2.212,2.947,16.711,15.229,12.949,3.895,4.084,1.515,8.241,0.36,4.164,10.721,3.856,12.351,12.417,4.317,13.787,5.006,4.935,11.05,4.314,13.575,5.048,4.634,3.564,14.697,4.092,13.77,4.251,4.255,4.875,14.29,25.348,3.512,2.652,4.034,11.287,2.312,17.101,4.638,13.878,12.187,15.756,6.428,0.773,11.487,0.484,3.628,2.845,14.238,4.904,11.061,10.167,15.237,0.502,5.147,13.536,4.025,0.233,1.372,0.665,4.989,0.783,13.183,0.637,14.16,6.326,3.451,3.942,2.687,4.164,4.091,7.927,4.34,2.568,11.156,0.663,10.172,2.204,10.589,4.3,12.851,9.622,3.745,5.285,3.305,1.861,0.0,14.212,4.458,22.808,11.443,10.078,4.829,6.178,2.101,0.373,3.423,4.297
94,14.209,16.903,17.318,17.639,7.269,19.031,16.347,12.161,5.562,14.405,5.311,17.423,16.086,15.098,6.364,14.121,18.295,3.522,10.465,6.326,3.267,17.045,4.487,17.529,12.318,5.12,17.961,2.569,17.595,11.136,16.706,4.692,14.529,0.468,14.718,10.106,11.049,3.155,21.042,16.467,16.782,16.159,2.995,15.278,6.31,12.84,2.778,9.448,5.26,18.972,14.217,6.606,14.369,14.674,12.336,5.701,9.451,5.872,8.31,4.122,14.052,18.784,13.983,17.275,14.025,15.074,14.105,18.256,14.38,6.409,14.159,9.944,19.563,16.722,16.838,15.78,17.319,10.523,13.337,16.22,12.737,3.189,14.506,6.74,13.667,3.738,16.933,6.536,4.682,17.06,8.964,11.481,13.598,14.212,0.0,18.314,18.872,4.672,5.166,9.397,18.793,16.312,14.016,16.675,18.378
95,4.673,2.116,2.819,0.708,14.073,5.373,3.204,7.343,21.137,16.25,16.26,1.058,6.36,4.53,12.604,4.705,2.907,14.899,7.862,16.808,16.159,5.736,17.242,6.224,6.976,14.555,4.391,17.358,6.217,9.017,5.035,18.129,4.754,17.858,4.7,8.651,9.251,17.972,26.307,5.259,1.92,6.237,15.332,3.08,21.541,6.436,17.62,16.538,20.188,6.927,4.863,15.944,4.553,4.316,7.218,18.691,9.281,15.513,14.589,18.791,4.831,4.705,14.485,1.473,4.688,3.292,4.325,1.344,4.728,17.64,4.829,18.506,5.994,1.78,2.063,2.613,1.577,8.543,8.844,6.554,5.625,15.376,4.521,14.63,4.702,14.816,5.834,17.309,13.86,4.829,9.375,6.855,4.725,4.458,18.314,0.0,23.842,15.858,14.474,9.102,6.706,2.676,4.78,4.864,3.179
96,23.159,21.737,25.218,23.258,23.728,28.199,24.56,23.355,24.324,7.635,14.018,22.847,26.786,24.323,21.05,23.042,26.019,19.348,20.207,24.38,16.302,27.125,14.483,27.814,17.878,15.507,26.858,16.409,27.856,23.79,26.359,14.181,19.398,18.696,19.369,21.604,23.913,15.718,2.548,26.32,23.798,26.761,18.32,21.663,25.072,18.226,16.129,27.08,24.126,29.214,23.441,24.23,23.273,19.923,23.465,24.416,21.364,23.264,25.096,14.839,23.107,27.594,9.389,22.384,22.817,22.403,22.201,22.744,23.528,24.777,23.297,28.206,28.914,22.254,21.808,21.844,22.267,22.278,15.13,27.034,20.251,19.709,23.462,23.57,20.695,19.754,27.106,24.774,19.857,26.499,19.85,19.87,20.988,22.808,18.872,23.842,0.0,22.248,21.641,20.745,28.961,23.986,22.957,26.208,26.269
97,11.315,14.88,14.284,15.253,2.704,15.463,13.347,8.845,5.283,16.589,8.242,15.13,12.365,11.958,3.324,11.255,15.196,2.946,8.269,2.152,6.001,13.406,7.975,13.79,11.213,6.86,14.564,6.247,13.857,7.452,13.224,8.56,13.003,4.489,13.218,7.206,7.298,7.14,24.588,12.952,14.093,12.459,3.928,13.059,5.732,11.621,6.613,4.983,4.349,15.134,11.226,2.054,11.462,12.979,9.01,3.113,6.581,1.205,3.639,8.319,11.151,15.332,15.708,15.103,11.223,12.576,11.536,16.118,11.386,2.718,11.209,5.963,15.906,14.511,14.784,13.569,15.189,7.374,13.254,12.454,10.728,2.539,11.555,2.111,11.588,2.575,13.278,2.61,2.914,13.601,6.855,9.516,11.403,11.443,4.672,15.858,22.248,0.0,1.419,6.841,14.985,13.487,11.162,13.231,15.223
98,9.967,13.468,12.972,13.862,2.277,14.281,12.025,7.559,6.685,15.668,7.761,13.732,11.221,10.656,1.906,9.902,13.899,2.392,6.851,3.188,5.666,12.238,7.695,12.658,9.819,6.137,13.331,6.179,12.725,6.259,12.008,8.392,11.585,4.87,11.801,5.829,6.128,7.104,24.034,11.744,12.73,11.308,3.514,11.653,7.149,10.218,6.562,5.443,5.762,14.044,9.893,2.712,10.117,11.56,7.727,4.502,5.193,1.758,3.564,8.308,9.803,14.116,14.688,13.697,9.862,11.187,10.15,14.712,10.054,3.911,9.869,6.774,14.753,13.107,13.373,12.163,13.782,6.037,11.944,11.326,9.31,2.257,10.217,1.953,10.173,1.972,12.115,3.717,1.835,12.381,5.436,8.096,9.991,10.078,5.166,14.474,21.641,1.419,0.0,5.43,13.883,12.139,9.808,12.005,13.937
99,4.812,8.039,7.922,8.469,5.588,9.832,6.95,3.094,12.115,13.639,8.833,8.32,7.166,5.736,3.53,4.725,8.902,5.894,1.498,8.123,7.862,7.974,9.476,8.554,4.981,6.815,8.667,8.959,8.616,3.048,7.5,10.381,6.313,8.96,6.534,0.931,3.168,9.745,23.278,7.297,7.442,7.207,6.511,6.225,12.572,5.232,9.29,8.864,11.19,10.065,4.828,7.331,4.972,6.217,3.258,9.826,0.666,6.698,6.568,10.789,4.655,9.508,12.21,8.27,4.634,5.811,4.792,9.285,4.99,8.952,4.765,10.744,10.428,7.682,7.943,6.736,8.353,1.596,7.806,7.356,3.918,6.328,5.11,6.001,4.753,5.761,7.884,8.66,4.795,7.825,0.901,2.777,4.562,4.829,9.397,9.102,20.745,6.841,5.43,0.0,9.851,6.93,4.62,7.44,8.992
100,5.861,8.211,4.131,6.876,12.479,1.463,4.504,6.779,19.828,21.358,18.63,7.223,2.717,4.676,12.429,5.98,3.801,15.313,9.512,15.06,17.692,1.921,19.323,1.298,11.086,16.636,2.366,18.751,1.236,7.663,2.614,20.23,9.78,18.404,9.867,8.966,7.768,19.568,31.497,2.7,5.619,2.658,16.145,7.502,20.014,10.74,19.096,13.569,18.849,0.254,5.62,14.199,5.731,9.251,6.609,17.093,9.561,14.181,12.341,20.634,5.939,2.055,19.642,7.685,6.197,6.625,6.764,8.03,5.507,15.797,5.754,15.353,1.253,7.476,8.085,7.478,7.859,8.411,13.946,2.573,8.745,15.604,5.54,13.127,8.268,15.059,1.988,15.435,14.137,2.465,10.611,9.357,7.974,6.178,18.793,6.706,28.961,14.985,13.883,9.851,0.0,5.169,6.076,2.757,3.533
101,2.173,3.245,1.263,2.355,11.549,4.22,0.712,4.767,18.739,16.354,14.889,2.527,3.982,1.855,10.321,2.237,2.208,12.822,5.916,14.296,14.463,3.655,15.769,4.285,6.249,13.035,2.895,15.632,4.302,6.412,2.845,16.676,4.643,15.869,4.716,6.333,6.639,16.327,26.506,2.978,0.769,3.875,13.381,2.352,19.107,5.818,15.928,13.891,17.777,5.421,2.284,13.423,2.026,4.111,4.628,16.221,6.988,13.052,11.989,17.248,2.336,3.608,14.614,2.873,2.299,1.628,2.292,3.606,2.133,15.123,2.284,15.856,4.935,2.481,3.105,2.312,3.05,6.114,8.877,4.211,4.184,13.256,1.945,12.128,3.444,12.69,3.709,14.784,11.723,2.798,7.372,5.199,3.257,2.101,16.312,2.676,23.986,13.487,12.139,6.93,5.169,0.0,2.334,2.661,2.401
102,0.223,4.449,3.314,4.26,9.294,5.621,2.343,2.591,16.424,15.396,12.886,4.249,3.869,1.404,7.986,0.11,4.303,10.514,3.741,12.033,12.291,4.187,13.701,4.871,5.106,10.966,4.321,13.439,4.917,4.278,3.466,14.612,4.398,13.577,4.564,3.999,4.518,14.168,25.5,3.385,2.939,3.829,11.109,2.681,16.804,4.841,13.748,11.83,15.465,6.323,0.494,11.167,0.379,3.947,2.484,13.933,4.655,10.758,9.824,15.133,0.162,5.165,13.715,4.39,0.177,1.743,0.971,5.348,0.572,12.864,0.346,13.803,6.297,3.819,4.314,3.059,4.53,3.796,8.146,4.124,2.707,10.938,0.559,9.857,2.455,10.371,4.157,12.531,9.403,3.681,5.126,3.313,2.095,0.373,14.016,4.78,22.957,11.162,9.808,4.62,6.076,2.334,0.0,3.338,4.416
103,3.12,5.891,2.049,4.795,10.936,2.393,1.95,4.515,18.315,18.61,16.081,5.062,1.527,1.934,10.373,3.239,2.431,13.156,6.907,13.645,15.296,1.001,16.833,1.664,8.331,14.116,1.336,16.399,1.692,5.781,0.184,17.744,7.116,16.262,7.221,6.617,5.949,17.18,28.745,0.415,3.288,1.396,13.897,4.879,18.587,7.993,16.729,12.679,17.335,3.009,2.901,12.764,2.984,6.593,4.34,15.654,7.255,12.58,11.076,18.203,3.209,2.116,16.9,5.466,3.451,3.938,4.008,6.049,2.777,14.435,3.028,14.589,3.016,5.128,5.753,4.936,5.644,6.153,11.223,1.698,5.99,13.506,2.793,11.566,5.521,12.945,1.048,14.08,11.994,0.386,8.124,6.643,5.22,3.423,16.675,4.864,26.208,13.231,12.005,7.44,2.757,2.661,3.338,0.0,2.312
104,4.207,4.854,1.152,3.414,13.051,2.206,2.085,6.38,20.39,18.634,17.23,3.792,3.785,3.295,12.207,4.307,0.278,14.861,8.148,15.785,16.705,2.882,18.082,3.213,8.631,15.345,1.312,17.855,3.192,7.844,2.424,18.992,6.871,17.947,6.907,8.281,8.037,18.581,28.776,2.717,2.471,3.65,15.501,4.618,20.698,8.183,18.163,14.956,19.415,3.75,4.165,14.903,4.045,6.346,6.214,17.773,8.94,14.654,13.283,19.534,4.356,1.534,16.882,4.272,4.443,4.024,4.635,4.513,4.003,16.59,4.232,16.878,2.862,4.174,4.741,4.429,4.438,7.932,11.139,3.906,6.578,15.259,3.892,13.667,5.844,14.692,3.01,16.238,13.726,2.083,9.54,7.546,5.657,4.297,18.378,3.179,26.269,15.223,13.937,8.992,3.533,2.401,4.416,2.312,0.0
